,country,covid_confirmed_4_28_20,covid_deaths_4_28_20,covid_recovered_4_28_20,covid19_first_date,Flu_pneumonia_death_rate_per_100000,h1n1_Geographic_spread,h1n1_Intensity,h1n1_Impact_on_healthcare_services,h1n1_Cases_underestimate,h1n1_Cases_confirmed,h1n1_Deaths_confirmed,first_school_closure_date,code_2digit_x,code_3digit_x,jan_temp,feb_temp,mar_temp,apr_temp,may_temp,jun_temp,july_temp,aug_temp,sept_temp,oct_temp,nov_temp,dec_temp,annual_temp,Jan_precip,Feb_precip,Mar_precip,Apr_precip,May_precip,Jun_precip,July_precip,Aug_precip,Sept_precip,Oct_precip,Nov_precip,Dec_precip,Annual_precip,airport_traffic_2018_thousands,property_Affordability_Index,Health_Care_Index,hosp_beds_per_1000_2017,ICU-CCB_beds_per_100000,Population_2020,Density_KM2m,Fertility_rate,Median_age,Urban_pop_pct,gdp_usd_million,age_0_to_14_years_percent,age_15_to_64_years_percent,age_over_65_years_percent,sex_male_to_female_At_birth_CIA_estimate_2020,sex_male_to_female_0_14_years,sex_male_to_female_15_24_years,sex_male_to_female_25_54_years,sex_male_to_female_55_64_years,sex_male_to_female_over_65,sex_male_to_female_total,latitude,longitude
0,Afghanistan,1828,58,228,2020-02-24 22:00:00,64.21,,,,0.0,853.0,17.0,2020-03-03 00:00:00,AF,AFG,0.0730584037849,2.10940629522,7.59697406167,13.3702390832,18.2163096978,23.2013151589,25.2585367034,23.7665166971,19.0345745467,12.9926462602,7.00409444319,2.43351685072,12.9214545176,43.2756414451,49.1845775545,64.9714184453,49.406624281,24.1824884302,4.55918496175,8.03432574155,7.73640299482,3.66741960629,9.35527340916,15.4091266643,31.53937366,311.321855887,1722613.0,,,,,38928346.0,60,4.6,18,25%,18734.0,43.2,54.2,2.6,1.05,1.03,1.03,1.03,0.97,0.85,1.03,33.93911,67.709953
1,Albania,750,30,431,2020-03-09 22:00:00,11.29,S,*,mod,0.0,426.0,12.0,2020-03-11 00:00:00,AL,ALB,2.02306663167,3.2180583325,6.03531665583,9.9178665475,14.442750055,17.9277499525,20.5389165875,20.4796665508,17.1590832867,12.2657750042,7.57580822667,3.65361667667,11.2698000667,107.999417623,102.625833511,93.4330832167,86.1625003817,74.2739165617,54.5791675258,39.0749998883,45.6963332475,67.5684995658,105.261417389,138.264167149,138.295833588,1053.23518372,303137.0,0.79,53.05,,,2877797.0,105,1.6,36,63%,15418.0,17.4,68.9,13.2,1.08,1.11,1.09,0.93,0.95,0.87,0.98,41.153332,20.168331
2,Algeria,3649,437,1651,2020-02-25 22:00:00,27.82,,,,0.0,916.0,57.0,2020-03-12 00:00:00,DZ,DZA,12.1224973127,14.7901947385,17.9135027886,21.9363815559,26.4140280119,30.7964678936,32.538920615,31.974539108,28.8243091968,23.3391225074,17.3089954445,12.9506361576,22.5757911398,8.99199685916,8.60353075813,9.39384089415,8.03668654929,6.55578269784,3.37373966289,2.06521253099,3.687830136,5.12823881291,7.32842438869,9.52886101785,9.27940449844,81.9735487682,6442442.0,0.67,54.86,,,43851044.0,18,3.1,29,73%,172781.0,29.3,64.5,6.2,1.05,1.05,1.05,1.03,1.01,0.89,1.03,28.033886,1.6596259999999998
3,Andorra,743,41,398,2020-03-02 22:00:00,,,,,0.0,1.0,0.0,2020-03-16 00:00:00,AD,AND,,,,,,,,,,,,,,,,,,,,,,,,,,,,,,,,77265.0,164,N.A.,N.A.,88%,,,,,1.07,1.05,1.08,1.05,1.15,1.02,1.06,42.546245,1.6015540000000001
4,Angola,27,2,6,2020-03-20 22:00:00,176.7,,,,0.0,37.0,0.0,2020-03-24 00:00:00,AO,AGO,22.5822355792,22.6835360804,22.7841394497,22.3535817218,20.7395745012,18.3733149304,17.9461754922,19.9024663546,22.1875480733,23.1815985444,22.786151409,22.6108581974,21.5109326932,154.987403916,148.54421385,169.914692801,109.072266888,15.1426750524,0.372332403462,0.321137402212,3.41340503156,20.10227425,69.76669791,144.510161159,155.158423084,991.305683448,1516628.0,,,,,32866272.0,26,5.6,17,67%,91527.0,46.8,50.8,2.4,1.05,1.04,1.04,1.02,0.94,1.5,1.02,-11.202691999999999,17.873887
5,Antigua and Barbuda,24,3,11,2020-03-13 22:00:00,,R,*,low,0.0,75.0,0.0,,AG,ATG,,,,,,,,,,,,,,,,,,,,,,,,,,,580174.2,,,,,97929.0,223,2,34,26%,1688.0,23.9,69.2,6.9,1.05,1.03,0.99,0.84,0.82,0.76,0.9,17.060816,-61.796428000000006
6,Argentina,4127,207,1162,2020-03-03 22:00:00,52.66,W,,low,1.0,11458.0,626.0,2020-03-16 00:00:00,AR,ARG,20.803532888,19.8995225484,17.5146342698,14.0462836302,10.6477315314,7.65725585928,7.42139851507,9.01595508567,11.5294759652,14.6746510547,17.5440322732,19.8281476016,14.21522492,68.3704399523,63.6540875405,69.5310366348,46.4811477875,36.2821543398,28.0800461949,25.8943846731,24.0967675648,30.0735535848,47.7154872988,55.5666644149,63.3001018924,559.045870807,18081937.0,0.1,69.25,,,45195774.0,17,2.3,32,93%,445469.0,24.9,63.9,11.2,1.05,1.06,1.05,1.0,0.94,0.71,0.98,-38.416097,-63.616671999999994
7,Armenia,1867,30,866,2020-03-01 22:00:00,9.9,,,,0.0,119.0,3.0,2020-03-02 00:00:00,AM,ARM,-8.66313076077,-6.65207690462,-0.566409997692,6.61972308231,11.4323078308,15.5793845115,19.8193074746,19.2843076269,14.9700001215,7.92204614923,1.61872024615,-4.8725539,6.37436162538,20.8403078223,25.9263845585,40.1055384408,59.7311539269,82.8486912062,68.0471540585,43.0639229554,35.96969223,29.4295382131,42.1273846254,30.79407692,23.39792303,502.281768799,,0.47,,,,2963243.0,104,1.8,35,63%,13444.0,20.0,68.8,11.2,1.13,1.14,1.06,0.93,0.84,0.67,0.94,40.069099,45.038189
8,Australia,6744,89,5665,2020-01-23 12:00:00,9.68,W,,,0.0,37484.0,187.0,2020-03-24 00:00:00,AU,AUS,27.7844960335,27.229410299,25.3686966851,21.8747390172,17.8583049329,14.8329085106,13.9546771298,15.7078610383,18.8907493915,22.457086207,25.1271163445,26.9941008665,21.5066763378,80.5566457521,75.8091303992,61.9796992138,31.1238465529,30.0032933992,23.8277442282,23.2956177951,20.2690760449,17.8423020035,24.3659932921,33.0990309665,50.919119906,473.091499829,75667645.0,1.8,77.38,,9.1,25499884.0,3,1.8,38,86%,1376255.0,19.0,65.5,15.5,1.06,1.06,1.09,0.99,0.93,0.86,0.99,-25.274398,133.775136
9,Austria,15357,569,12580,2020-02-25 22:00:00,4.27,W,,low,1.0,964.0,40.0,2020-03-16 00:00:00,AT,AUT,-3.51632820051,-1.98521283385,1.41837768026,5.50907103231,10.1180819615,13.2864179856,15.255666611,14.9790691223,12.0924384538,7.55078970513,1.7336796659,-2.20982982564,6.18601274769,67.7015387221,65.9135640456,75.9214874659,90.7046670177,113.363615672,137.655923892,136.999410385,131.417537494,94.9054104731,77.1508453564,92.2100773336,77.2397695682,1161.18386919,12935505.0,1.5,78.73,7.37,21.8,9006398.0,109,1.5,43,57%,447718.0,14.1,66.7,19.2,1.05,1.05,1.04,1.0,0.98,0.76,0.96,47.516231,14.550072
10,Azerbaijan,1717,22,1221,2020-02-28 22:00:00,19.02,L,*,low,0.0,14.0,0.0,2020-03-03 00:00:00,AZ,AZE,-0.200880674889,0.803707121111,4.97037043844,11.6433644813,16.8014666667,21.7293554938,24.7631333242,24.1111334276,19.83175549,12.8817622131,7.32570667,2.03207668578,12.2243444651,24.6798666644,27.4288443673,40.5227780656,48.4373556771,56.8275556573,50.862511148,25.20357111,23.086844508,34.1529777316,45.4127555844,30.5038889571,26.7642886262,433.883240763,2279546.0,0.6,43.18,,,10139177.0,123,2.1,32,56%,47171.0,23.3,70.7,6.0,1.11,1.15,1.09,0.96,0.86,0.62,0.98,40.143105,47.576927000000005
11,Bahamas,80,11,23,2020-03-22 22:00:00,26.64,W,*,mod,0.0,29.0,4.0,2020-03-16 00:00:00,BS,BHS,21.64700063,21.8796666433,22.9986667633,24.2079995467,25.7670001967,27.2343336767,27.9479999567,27.98666636,27.67766698,26.4533335367,24.4409999833,22.52233378,25.06333351,45.44899877,45.4690004967,51.35999934,65.95433426,161.496663413,189.19999695,128.61000061,166.29333496,175.393335977,142.16000112,65.8143323267,42.8836669933,1280.08365885,,,,,,393244.0,39,1.8,32,86%,,20.5,70.6,9.0,,,,,,,,25.03428,-77.39628
12,Bahrain,2811,8,1310,2020-02-24 22:00:00,21.41,,,,0.0,1325.0,8.0,2020-02-26 00:00:00,BH,BHR,,,,,,,,,,,,,,,,,,,,,,,,,,,5877003.0,1.29,,,,1701575.0,"2,239",2,32,89%,38184.0,19.7,77.9,2.4,1.03,1.03,1.3,1.88,1.81,0.95,-,25.930414000000003,50.637772
13,Bangladesh,6462,155,139,2020-03-08 22:00:00,21.99,R,*,low,0.0,1015.0,7.0,2020-03-17 00:00:00,BD,BGD,18.6349347561,21.016717372,25.4215869909,28.0238695978,28.4460435526,28.4605869626,28.2966520474,28.391326242,28.3552391207,27.1650000443,23.6999999333,19.7381738991,25.4709130989,6.51311086565,16.422295612,45.2568262348,138.298543515,256.170869413,443.143695997,487.718476005,377.615218121,296.067607382,160.538913395,30.3979432485,8.38013046717,2266.52366837,5984155.0,0.61,42.8,,,164689383.0,"1,265",2.1,28,39%,317465.0,28.4,66.5,5.1,1.04,1.04,1.0,0.93,0.98,0.97,0.97,23.684994,90.35633100000001
14,Barbados,80,6,39,2020-03-17 22:00:00,62.8,W,*,low,0.0,154.0,3.0,2020-03-19 00:00:00,BB,BRB,,,,,,,,,,,,,,,,,,,,,,,,,,,,,,,,287375.0,668,1.6,40,31%,5189.0,19.1,66.0,15.0,1.01,1.0,0.99,0.99,0.88,0.66,0.94,13.193887,-59.543198
15,Belarus,12208,79,1993,2020-02-28 22:00:00,5.19,W,**,mod,0.0,102.0,88.0,,BY,BLR,-6.80383717681,-5.49525044681,-0.685781831681,6.9211858731,13.4366637122,16.5375574587,17.7205663192,16.952212443,12.4214335919,6.90365575248,1.21410080044,-3.58336371664,6.29493009912,35.2866282505,28.6910088798,33.5793804573,39.4445928727,53.0561681766,77.9020968417,82.4003628081,68.4539112666,55.3249291618,43.8999114249,47.234186055,44.7935578675,610.066737893,2760168.0,0.45,59.04,,,9449323.0,47,1.7,40,79%,62572.0,16.7,68.5,14.8,1.06,1.06,1.06,0.97,0.79,0.46,0.87,53.709807,27.953389
16,Belgium,47334,7331,10943,2020-02-04 22:00:00,24.22,W,*,low,0.0,76973.0,19.0,2020-03-13 00:00:00,BE,BEL,1.94686411941,2.61548823471,5.22725293176,8.14548228765,12.3979999324,15.4345294171,17.2385293171,17.1832941847,14.4274116965,10.6783882024,5.76197057647,3.11392355706,9.51424127412,74.4502354788,59.4356471788,74.4529407735,59.4593523812,70.1819406394,78.9195291859,75.7217061671,68.0509405694,66.8638817282,77.4025295488,85.9899996588,83.3688228835,874.297532025,13639487.0,2.42,74.34,5.76,15.9,11589623.0,383,1.7,42,98%,517609.0,17.1,64.3,18.6,1.05,1.05,1.04,1.02,0.98,0.76,0.97,50.503887,4.469936
17,Belize,18,2,9,2020-03-23 22:00:00,58.8,W,,mod,0.0,49.0,0.0,2020-03-23 00:00:00,BZ,BLZ,22.3721663167,23.0401665367,24.4511664717,25.8706668217,26.910166425,26.928833325,26.4478333783,26.6649999617,26.489166895,25.4190003083,23.5616668067,22.61716652,25.0643329617,121.097334543,67.2833334617,52.6433328,60.3331667567,134.916666667,262.839998882,298.301668802,244.689994813,287.371665953,244.186665853,171.439999898,144.160498302,2089.26430257,1297533.0,,,,,397628.0,17,2.3,25,46%,2001.0,31.4,64.7,3.9,1.05,1.04,1.04,1.03,0.97,0.89,1.03,17.189877,-88.49765
18,Benin,64,1,33,2020-03-16 22:00:00,159.6,,,,,,,2020-03-30 00:00:00,BJ,BEN,26.5667367237,28.6942106047,30.1429209953,30.2003682789,28.9347105026,27.1267106405,25.8378421889,25.4443949158,25.8967630995,27.1497368563,27.1517105603,26.3928946947,27.4615526705,2.162378165,8.14697531079,35.9943342213,69.7568688895,118.886683414,153.806315774,180.235000409,196.309026015,180.952631298,76.1163681934,8.68507681474,3.21624681474,1034.26788973,,,,,,12123200.0,108,4.9,19,48%,14374.0,42.7,54.1,3.2,1.05,1.04,1.04,1.02,0.76,0.66,1.01,9.30769,2.315834
19,Bhutan,7,0,5,2020-03-06 22:00:00,44.36,N,,,0.0,91.0,0.0,2020-03-06 00:00:00,BT,BTN,0.557168582857,2.16520279357,5.67909995214,8.78262149429,11.5284497479,14.3931500236,14.7976215557,14.5912145543,13.3540999886,9.69457354143,5.29007642714,2.06733584857,8.57504293,6.58304991,8.04575714143,26.9209286821,93.8427843364,162.477570126,366.27571215,446.227859496,330.025000436,238.268573216,84.8522150857,12.8419284829,4.09857852214,1780.45989118,275849.0,,,,,771608.0,20,2,28,46%,2842.0,26.6,68.6,4.9,1.05,1.04,1.04,1.14,1.16,1.1,1.09,27.514162,90.433601
20,Bolivia,1014,53,98,2020-03-11 22:00:00,75.86,W,*,low,0.0,2310.0,59.0,,BO,BOL,22.5665142629,22.4322341881,22.0717254101,20.9988978203,19.2543421248,17.6462446767,17.7654416318,19.4334628706,21.3284560179,22.5058024967,22.9141718467,22.7832980519,20.9750300361,179.818505321,167.576295258,142.460430828,80.4674634402,49.7254557907,30.2732532658,20.8605646672,26.2342965766,43.927499868,78.2968874488,113.584337676,162.33480954,1095.55980128,4122113.0,1.0,,,,11673021.0,11,2.8,26,69%,42401.0,31.6,61.7,6.7,1.05,1.04,1.03,0.95,0.86,0.79,0.98,-16.290154,-63.588653
21,Bosnia and Herzegovina,1585,63,682,2020-03-05 22:00:00,,L,,,0.0,714.0,13.0,2020-03-11 00:00:00,BA,BIH,-1.355606165,0.402879991818,4.00575452,8.43685908818,12.9442864327,16.3330001836,18.5232726891,18.4773182445,14.9445453986,9.95350001091,4.80560911773,0.727127284545,9.01653183545,80.860045,76.1230907441,77.1896360577,89.2051812941,95.5787270286,100.312181301,83.83186375,83.9854087827,84.602862965,87.7568636818,110.480818315,101.830590335,1071.75728815,,,,,,3280819.0,64,1.3,43,52%,20106.0,14.1,69.3,16.6,1.07,1.07,1.07,1.01,0.92,0.64,0.95,43.915886,17.679076000000002
22,Brazil,73235,5083,32544,2020-01-23 12:00:00,42.96,R,*,mod,1.0,58178.0,2135.0,2020-03-12 00:00:00,BR,BRA,25.5845118639,25.6507718396,25.4908531879,25.0492932637,24.1903392392,23.29061903,23.2432536091,24.2323512521,25.133880814,25.7262221473,25.7399108601,25.6573349892,24.9157718328,226.459922173,217.79661634,236.026121797,184.871406549,130.857445587,81.932925888,65.1551211817,57.7574055549,76.9059020672,124.49001226,158.195405218,202.52270919,1762.97099306,102000000.0,0.53,56.29,,,212559417.0,25,1.7,33,88%,1847020.0,21.7,69.7,8.6,1.05,1.04,1.03,0.98,0.89,0.74,0.97,-14.235004,-51.92528
23,Brunei,138,1,124,2020-03-09 22:00:00,26.19,W,*,mod,0.0,971.0,2.0,2020-03-30 00:00:00,BN,BRN,25.342999455,25.47000027,25.92000008,26.45499992,26.5085001,26.25649929,26.03700066,26.081500055,26.046499255,25.92000008,25.478500365,25.694999695,25.934000015,347.709991455,175.36000061,195.810005185,237.305000305,286.29499817,223.150001525,216.20500183,225.94000244,264.155006405,304.760009765,334.16999817,349.914993285,3160.77514648,1234455.0,,,,,437479.0,83,1.8,32,80%,12455.0,23.0,72.4,4.6,1.05,1.06,0.99,0.92,1.04,0.95,0.98,4.535277,114.72766899999999
24,Bulgaria,1399,58,222,2020-03-08 22:00:00,14.56,W,***,,0.0,766.0,40.0,2020-03-16 00:00:00,BG,BGR,-1.18347596106,0.867380001277,4.69731487617,9.91599361957,14.9944254898,18.6432767215,20.8474681123,20.4882765826,16.845936166,11.4825276726,5.95078083745,1.21184218574,10.3967616409,43.3817656483,43.7655745972,44.5788721115,52.8744041762,66.7941914832,69.2559788474,51.1905957087,42.0538298021,36.9009150243,40.9608086119,56.0405529106,55.0462129474,602.843706497,1022645.0,1.63,55.4,,,6948445.0,64,1.6,45,76%,66250.0,14.2,65.0,20.8,1.06,1.06,1.09,1.06,0.88,0.69,0.95,42.733883,25.48583
25,Burkina Faso,638,42,476,2020-03-10 22:00:00,149.88,,,,,,,2020-03-16 00:00:00,BF,BFA,25.0045349212,27.8406045378,30.6286279322,32.054732478,31.4724768037,29.232941938,27.1148488023,26.3633022744,26.9711745059,28.7056511281,27.4734303007,25.2538720509,28.1763605071,0.274303952791,1.02445499977,8.23467623453,28.0589440228,64.20511615,102.321313991,172.881976638,215.388953275,141.889046203,36.4028292478,2.78670977174,0.818411626628,774.286750262,151531.0,,,,,20903273.0,76,5.2,18,31%,14593.0,45.2,52.4,2.4,1.03,1.0,1.01,1.03,0.77,0.6,0.99,12.238333,-1.561593
26,Cabo Verde,114,1,2,2020-03-20 22:00:00,83.78,,,,0.0,118.0,0.0,,CV,CPV,,,,,,,,,,,,,,,,,,,,,,,,,,,140429.0,,,,,555987.0,138,2.3,28,68%,,30.2,65.3,4.5,1.03,1.01,1.0,0.94,0.75,0.61,0.94,16.002082,-24.013197
27,Cambodia,122,0,119,2020-01-27 20:30:00,57.85,R,*,,0.0,531.0,6.0,2020-03-08 00:00:00,KH,KHM,24.8658870581,26.5292741719,27.9267580892,28.9439354255,28.4915323566,27.726177431,27.3485645168,27.2658710484,26.9603064442,26.5979033135,25.8152580871,24.8020644953,26.9395000398,10.9175102485,16.0127032339,41.8918711142,79.2974516958,198.404193509,278.306289673,291.222258291,319.241774775,316.983386624,236.098548889,100.91837077,29.3835005677,1918.67785645,1411059.0,0.21,,,,16718965.0,95,2.5,26,24%,26730.0,31.3,64.3,4.4,1.05,1.02,0.98,0.96,0.65,0.6,0.94,12.565679,104.990963
28,Cameroon,1705,58,915,2020-03-06 22:00:00,144.06,,,,0.0,4.0,0.0,2020-03-18 00:00:00,CM,CMR,23.8802380723,25.3597414704,26.2740611768,26.4324830633,25.5203332966,24.3360476588,23.3652244487,23.291244961,23.7294829492,24.2834013335,24.2541497029,23.6080679603,24.5278503909,14.9572239576,29.4591974546,90.0645180469,133.624357584,176.449973204,170.724081053,196.030843488,227.852972589,263.211747876,222.554027401,70.2456955802,17.8972819016,1613.07191498,265136.0,,,,,26545863.0,56,4.6,19,56%,38632.0,42.7,54.1,3.2,1.03,1.02,1.01,1.01,0.95,0.87,1.01,7.369722,12.354722
29,Canada,51150,2983,19231,2020-01-26 23:00:00,9.34,W,**,,1.0,25828.0,429.0,2020-03-16 00:00:00,CA,CAN,-24.6221166323,-23.2535801315,-18.7166113398,-9.78748060876,-0.286830762758,7.23987920684,11.1066845021,9.51521801525,3.45391441088,-4.35855904507,-14.5026072333,-21.5228440954,-7.14457961345,28.742129914,23.1656751921,25.3092679776,24.8603986077,32.8196623828,48.5220540821,58.9059054538,56.42824257,48.6647548129,41.3584608752,36.8576327632,31.8348685695,457.469053257,89380000.0,1.77,71.58,2.52,13.5,37742154.0,4,1.5,41,81%,1730914.0,16.0,67.0,17.0,1.06,1.05,1.06,1.03,0.98,0.8,0.98,56.130366,-106.34677099999999
30,Central African Republic,50,0,10,2020-03-15 22:00:00,,,,,,,,,CF,CAF,24.2810686339,26.0147058447,26.9592205587,26.7582451407,25.8829509697,24.6496960601,23.7695588222,23.7088333298,23.8431617792,24.3087254599,24.2453186094,23.6495538786,24.8392549403,6.80917670186,15.646841802,58.3957184856,95.9487844026,144.61581376,166.26531399,206.478726031,229.708136765,218.359705719,165.85687772,37.3976585975,9.18534757578,1354.66810009,,,,,,4829767.0,8,4.8,18,43%,2321.0,43.2,53.1,3.7,1.03,1.01,1.01,1.0,0.84,0.64,0.98,6.611111,20.939444
31,Chad,52,2,19,2020-03-19 22:00:00,204.33,,,,0.0,1.0,0.0,2020-03-20 00:00:00,TD,TCD,20.6643450168,23.0990931903,26.5497762441,29.5534568109,31.0339113292,30.7462447863,29.2635804113,28.2095710558,28.3643636236,27.2342843989,23.7964778512,21.2935438401,26.650741257,0.210613985385,1.38355289266,2.26387672949,8.36045737755,20.8628243225,37.1121416898,82.3944463909,113.712471715,51.3065728948,12.4006239587,0.352741997576,0.145345617529,330.505670093,,,,,,16425864.0,13,5.8,17,23%,11026.0,47.1,50.4,2.5,1.04,1.03,0.95,0.83,0.79,0.71,0.93,15.454166,18.732207
32,Chile,14365,207,7710,2020-03-03 22:00:00,20.32,W,,low2,0.0,12258.0,156.0,2020-03-16 00:00:00,CL,CHL,12.6824900755,12.204063573,10.8652109068,8.61655396533,6.28782548801,4.397863245,4.04405294086,4.83635204089,6.31820112911,8.2219810856,10.1160003004,11.8472248765,8.36982830344,33.8109631823,34.0313109098,35.2826934519,47.0377047744,81.5147781202,84.4144931852,88.0007807478,73.3663492889,48.9220817837,37.8063041013,30.7466453101,36.2360534694,631.170165709,19517185.0,0.94,65.44,2.11,,19116201.0,26,1.7,35,85%,294237.0,20.3,68.6,11.1,1.04,1.04,1.04,1.0,0.89,0.72,0.97,-35.675146999999996,-71.542969
33,China,83940,4637,78422,2020-01-22 12:00:00,14.69,,,,0.0,120940.0,800.0,2020-02-16 00:00:00,CN,CHN,-8.49197178443,-5.90878697548,0.489740993292,7.5883556891,13.0679222018,17.0708669916,19.3683536673,18.4808519325,13.8716332492,7.3655776415,-0.486127621238,-6.50853102147,6.32566398193,10.5602915635,15.322063183,25.0398143045,42.9794780034,61.956902778,88.8537216202,108.60684699,97.8437892957,61.7155777796,34.1728628324,17.9376232359,9.78496678197,574.773938266,611000000.0,0.43,64.48,4.34,3.6,1439323776.0,153,1.7,38,61%,14140163.0,17.7,71.7,10.6,1.15,1.17,1.14,1.04,1.02,0.92,1.06,35.86166,104.195397
34,Colombia,5949,269,1268,2020-03-06 22:00:00,20.91,W,*,mod,0.0,4310.0,272.0,2020-03-16 00:00:00,CO,COL,24.6208844032,24.9807446595,25.143163981,24.7486855009,24.3519516502,23.8907741601,23.7894435471,24.0435565084,24.2147499847,24.2918118559,24.3841021679,24.3858978647,24.4038118214,111.632012665,116.882730742,165.628192769,255.555249647,303.013715242,292.999120584,260.702736925,245.240773724,234.020559413,270.668789608,218.026844322,144.214454189,2618.58518334,33704037.0,0.39,67.24,1.7,,50882891.0,46,1.8,31,80%,327895.0,23.5,68.9,7.6,1.06,1.05,1.04,0.98,0.88,0.72,0.98,4.570868,-74.297333
35,Congo (Brazzaville),207,8,19,2020-03-15 22:00:00,,,,,,,,,CG,COG,24.6974273159,25.31401818,25.5951908809,25.6169363716,25.2590453582,23.8213727428,23.0284453999,23.3373454182,24.0450181956,24.5417727903,24.5162455128,24.4708181896,24.5203273424,117.476709262,127.195327481,170.428272733,175.457999906,159.774545496,69.3499325724,46.5465606978,77.3353599416,140.640139198,202.92036379,212.956636256,134.969617983,1635.05145708,,,,,,,,,,,,,,,,,,,,,,,
36,Congo (Kinshasa),471,30,56,2020-03-11 22:00:00,,,,,,,,,CD,COD,24.1415235342,24.4998759762,24.7328420118,24.6328603407,24.3509699619,23.3144908635,22.8178172249,23.5063694539,24.0793472543,24.2738342187,24.1309177634,23.9851044525,24.038836834,126.530832315,122.872859061,165.641977793,160.84500014,110.146461345,61.8391451255,63.2755930869,91.9051434107,126.658214931,170.881440001,181.150838025,153.289374586,1535.03688021,,,,,,,,,,,,,,,,,,,,,,,
37,Costa Rica,705,6,306,2020-03-06 22:00:00,13.81,W,*,low,1.0,1867.0,67.0,2020-03-17 00:00:00,CR,CRI,23.1732142314,23.6724286779,24.620500155,25.0435717457,24.5972142907,23.9897142129,24.0493571414,23.8489997043,23.68050003,23.4338571,23.0616426479,23.0410714836,23.850928715,129.367356844,78.0418366521,73.053622475,143.009071894,304.795712062,381.054999216,352.209287372,392.871427263,392.600001744,460.444996425,342.37499891,218.442805631,3268.2661656,1948546.0,0.84,62.42,,,5094118.0,100,1.8,33,80%,61021.0,21.3,68.9,9.5,1.05,1.05,1.04,1.01,0.95,0.86,1.01,9.748917,-83.753428
38,Cote d'Ivoire,1183,14,525,2020-03-11 22:00:00,,,,,0.0,9.0,0.0,2020-03-17 00:00:00,CI,CIV,25.8369908117,27.7734495562,28.2464770394,28.0467982335,27.1874128392,25.8817339908,24.8706055037,24.7443761563,25.2680366414,25.9879357927,26.3216788266,25.4313486434,26.2997155672,10.1948009268,36.5645697495,80.8410182918,120.532825785,161.228991097,212.754311658,158.020366424,168.059201022,195.824586921,129.863422219,59.7548625313,22.4428193112,1356.08177591,779482.0,,,,,26378274.0,83,4.7,19,51%,44439.0,,,,,,,,,,,7.539989,-5.54708
39,Croatia,2047,63,1232,2020-02-25 22:00:00,7.08,W,,low,1.0,50255.0,26.0,2020-03-12 00:00:00,HR,HRV,-0.159051895,2.08570821143,5.82524286857,10.2470036068,14.7597857196,17.9920712546,20.0398930136,19.6672854418,16.3550714764,11.3496107036,5.95976431786,1.52857298393,10.4709106861,73.4846433911,67.5100353782,72.3831785754,85.3395346239,88.5360001161,97.9947487961,80.3962146211,92.6965351111,86.9533215932,86.6951075954,113.417748589,91.9406080246,1037.34768241,2093577.0,0.98,62.68,,,4105267.0,73,1.4,44,58%,60702.0,14.7,65.6,19.7,1.06,1.06,1.05,1.0,0.96,0.69,0.93,45.1,15.2
40,Cuba,1437,58,575,2020-03-12 22:00:00,31.07,W,**,mod,0.0,973.0,69.0,2020-03-24 00:00:00,CU,CUB,22.2116155867,22.3867180156,23.7453334028,24.7876409874,26.0648973413,26.9099487887,27.43600014,27.4295642064,26.9752819836,26.0555643421,24.5047691056,23.0532821751,25.130076971,36.2962306585,38.6314614621,48.5716922469,73.4520512108,176.071795146,198.703846076,144.828460694,166.007512606,190.997692402,157.269487821,67.1520766228,31.5045641387,1329.48686336,560754.3,,,,,11326616.0,106,1.6,42,78%,,16.1,69.2,14.7,1.06,1.06,1.08,1.01,0.94,0.81,0.99,21.521757,-77.78116700000001
41,Cyprus,837,15,148,2020-03-09 22:00:00,8.19,N,,,1.0,297.0,10.0,2020-03-13 00:00:00,CY,CYP,10.638325215,11.06824994,12.9914999,16.5800001625,20.5367503125,24.46600008,27.05250025,27.0525002475,24.784000395,20.813250065,16.189249995,12.38925004,18.7135000225,85.5574989325,71.53250122,51.141750335,26.4957499525,17.489249945,4.4925000075,1.3825175175,2.478349985,5.032474875,27.8200001725,48.995749475,93.8365001675,436.254837035,401408.0,1.79,51.75,,,1207359.0,131,1.3,37,67%,24280.0,16.8,69.8,13.4,1.05,1.06,1.19,1.11,0.92,0.77,1.04,35.126413,33.429859
42,Czechia,7504,227,2948,2020-03-01 22:00:00,15.51,L,,,0.0,2445.0,102.0,2020-03-11 00:00:00,CZ,CZE,-2.81324998975,-1.05900274425,2.80433750375,7.4945000055,12.2984750512,15.4148500688,17.106425118,16.9048500062,13.493524981,8.58600504475,2.81999748925,-1.06466200025,7.66549997325,39.5785250673,36.5388998035,39.5155998225,46.296524906,73.5514248853,85.1681000705,79.2438250542,79.0007252693,52.4039501188,41.580799866,48.2343753808,45.885375214,666.998112488,5727200.0,1.0,74.62,6.63,11.6,,,,,,246953.0,15.4,65.6,19.0,1.06,1.06,1.06,1.05,0.94,0.7,0.97,49.817492,15.472961999999999
43,Denmark,9049,434,6313,2020-02-27 22:00:00,17.12,W,*,,1.0,651.0,33.0,2020-03-13 00:00:00,DK,DNK,-0.105832357857,-0.0980944235714,2.24059642679,5.86797143786,10.7730356971,14.4017857146,15.8914285386,15.9023573054,13.0076785775,9.35905722214,4.94214644714,1.64559750071,7.81897849714,55.8244288311,36.7025002757,44.3083212721,39.3942857471,47.1478928146,54.4165712079,64.7500709804,67.6126781193,71.5454641064,74.27100018,77.868142945,64.8085006986,698.649856567,,2.24,80.0,2.61,6.7,5792202.0,137,1.8,42,88%,347176.0,16.5,63.8,19.7,1.06,1.05,1.04,0.99,0.99,0.81,0.97,56.26392,9.501785
44,Diamond Princess,712,13,645,2020-03-25 22:00:00,,,,,,,,,,,,,,,,,,,,,,,,,,,,,,,,,,,,,,,,,,,,,,,,,,,,,,,,,,,
45,Djibouti,1072,2,498,2020-03-18 22:00:00,98.96,,,,0.0,9.0,0.0,2020-03-20 00:00:00,DJ,DJI,23.3068569729,24.1407138271,25.7532858157,27.3710000171,29.2004288257,31.3932860257,32.3804285871,31.8294282643,30.0904284871,27.4022857129,25.1785717014,23.6691428586,27.6430001943,8.40000002571,17.7989999229,18.32428578,26.2767143271,14.9647144586,2.78238567286,29.54385662,40.1580004,12.8719573029,7.42427151571,9.80571454,7.83429990429,196.185202463,,,,,,988000.0,43,2.8,27,79%,3166.0,31.1,64.7,4.2,1.03,1.01,0.89,0.71,0.85,0.82,0.84,11.825138,42.590275
46,Dominica,16,0,13,2020-03-22 22:00:00,,N,*,low,0.0,36.0,0.0,2020-03-23 00:00:00,DM,DMA,,,,,,,,,,,,,,,,,,,,,,,,,,,,,,,,71986.0,96,N.A.,N.A.,74%,593.0,,,,1.05,1.05,1.06,1.03,1.15,0.79,1.02,15.414999,-61.370976
47,Dominican Republic,6416,286,1165,2020-03-01 22:00:00,23.83,R,**,mod,0.0,491.0,23.0,2020-03-19 00:00:00,DO,DOM,21.7632501138,22.1024373781,22.8817499869,23.8126873956,24.3848125925,25.0094375606,25.2116247425,25.6361875519,25.3538750406,24.7314374431,23.7462501531,22.5212498906,23.9297498463,78.3580000394,69.6650631413,52.9300619363,99.9339377881,192.788748742,130.620250225,122.918499947,121.11331153,151.273375511,162.539997579,135.218936443,99.7116866119,1417.07188034,,0.55,54.67,,,10847910.0,225,2.4,28,85%,89475.0,29.3,63.7,7.0,1.04,1.04,1.04,1.05,1.01,0.86,1.03,18.735692999999998,-70.162651
48,Ecuador,24258,871,1557,2020-03-01 22:00:00,38.7,W,*,low,0.0,2251.0,200.0,2020-03-12 00:00:00,EC,ECU,21.7055464458,21.78009306,21.9264186371,21.9580930333,21.5445581483,20.8705929931,20.4143953655,20.714790699,20.9745581648,21.258930284,21.2973371549,21.503186104,21.32904646,189.370522433,208.447488874,238.695069601,240.735047052,185.072318058,156.921074158,116.119234191,102.421178197,112.685274613,138.871072521,124.554347974,131.381205883,1945.27384594,5365261.0,0.66,70.59,,,17643054.0,71,2.4,28,63%,107914.0,28.4,64.5,7.1,1.05,1.04,1.03,0.95,0.96,0.91,0.99,-1.8312389999999998,-78.183406
49,Egypt,5042,359,1304,2020-02-14 22:00:00,29.13,,,,0.0,15812.0,278.0,2020-03-16 00:00:00,EG,EGY,12.9303911458,14.602049717,17.8329170949,22.4442983281,26.2645276267,28.8201630051,29.1221740891,29.0990938586,27.2788204172,24.0964806488,18.6779889664,14.2763674324,22.1204530233,4.52606803519,2.77815375762,3.27023478058,2.34956884069,2.37533314928,1.83729179207,2.35517587978,2.70250124141,1.33186141439,2.6097437345,2.35459235464,4.42278405923,32.9133090481,,0.52,45.84,,,102334404.0,103,3.3,25,43%,302256.0,33.5,61.4,5.2,1.05,1.07,1.06,1.03,0.98,0.82,1.05,26.820553000000004,30.802497999999996
50,El Salvador,345,8,97,2020-03-19 22:00:00,42.07,R,*,low,0.0,834.0,33.0,2020-03-11 00:00:00,SV,SLV,23.9541251675,24.4754998687,25.70462465,26.35237503,25.9025001512,24.8660001762,25.1583752637,24.9358747,24.2966248975,24.2269999975,23.7878751762,23.586874725,24.7708749775,6.14462512625,4.552037405,10.9404124613,41.8758749963,174.903753279,301.987503054,256.766248702,274.483751296,342.238750456,202.918748856,45.6911249163,10.3075875338,1672.81037903,2545105.0,,,,,6486205.0,313,2.1,28,73%,26871.0,27.4,64.4,8.3,1.05,1.05,1.01,0.86,0.8,0.8,0.93,13.794185,-88.89653
51,Equatorial Guinea,315,1,9,2020-03-15 22:00:00,,,,,,,,2020-03-16 00:00:00,GQ,GNQ,24.5712220933,25.1019999167,25.0366666567,24.78666666,24.7241107089,23.7592222411,22.7495555889,22.8171109111,23.7741107944,23.9204442778,24.1337778311,24.1377779644,24.1259996622,111.287444644,129.212887236,221.931109959,225.690000747,249.838890922,115.351554872,54.6754457678,85.0228881844,239.801111858,407.07333374,251.928890651,121.493999058,2213.30756293,466435.1,,,,,1402985.0,50,4.6,22,73%,12142.0,37.2,60.0,2.8,1.03,1.03,1.04,1.0,0.76,0.72,0.99,1.6508009999999997,10.267895
52,Eritrea,39,0,19,2020-03-21 22:00:00,106.78,,,,,,,2020-03-27 00:00:00,ER,ERI,22.2549750802,23.0955749975,24.8328749652,26.8716749187,28.457625056,29.18172512,28.275825119,27.6367499832,27.4871499537,26.7049748885,24.9328750135,23.0878499988,26.0683250902,8.03417497325,5.63874900675,6.14608076125,10.3168082185,13.1380767682,17.295102602,72.7990003105,76.080799723,18.7671166052,9.261622518,9.7596842195,10.4670516848,257.70426445,102729.0,,,,,3546421.0,35,4.1,19,63%,2110.0,41.8,54.6,3.6,1.03,1.01,0.99,0.97,0.74,0.75,0.97,15.179383999999999,39.782334000000006
53,Estonia,1660,50,240,2020-02-27 22:00:00,10.18,L,*,mod,1.0,738.0,21.0,2020-03-16 00:00:00,EE,EST,-6.51203845115,-6.33000383962,-2.35319615308,3.92576539577,10.3460384146,14.7237692981,16.5247306088,15.6291153608,11.0018846804,6.25808457154,0.846410395,-3.68922303192,5.03093842423,37.9556922919,27.7456537388,30.0200001631,36.2966153069,43.5030385535,53.6072307008,70.8608461523,80.8964227535,73.6923467204,64.2779617304,60.9663457146,49.9651922092,629.787344127,31981.0,1.75,72.67,4.69,14.6,1326535.0,31,1.6,42,68%,31038.0,16.4,64.2,19.5,1.05,1.05,1.08,1.01,0.81,0.51,0.88,58.595271999999994,25.013607
54,Eswatini,71,1,10,2020-03-14 22:00:00,101.17,,,,0.0,5.0,0.0,2020-03-19 00:00:00,SZ,SWZ,24.195199966,23.993200304,23.063000108,20.694200518,18.34659996,15.72179985,15.908599664,17.618000222,19.766400146,20.61819992,21.77859993,23.26119995,20.41380005,130.38340149,126.990000916,85.285999298,50.050200654,19.929400064,9.836660002,9.24797993,18.465400124,41.397600174,83.553999328,108.55,114.679997254,798.370678712,,,,,,1160164.0,67,3,21,30%,4657.0,,,,,,,,,,,-26.522503000000004,31.465866
55,Ethiopia,126,3,50,2020-03-13 22:00:00,86.8,,,,0.0,19.0,0.0,2020-03-16 00:00:00,ET,ETH,21.1653929556,22.2978752803,23.4831409246,23.7967235467,23.6259024473,23.2625284685,22.2822141595,22.0402059012,22.4430216786,22.0684254604,21.2248799576,20.7543035549,22.3703929466,10.8506365711,19.0998625645,40.8041924022,92.235958686,100.319832933,76.8598041455,134.323799725,138.353205144,97.2196634128,75.8428121669,34.1577072943,10.4471732825,830.51464606,11501244.0,,,,,114963588.0,115,4.3,19,21%,91166.0,40.6,55.9,3.5,1.03,1.01,0.99,0.99,0.95,0.82,0.99,9.145,40.489672999999996
56,Fiji,18,0,12,2020-03-19 22:00:00,40.02,N,*,low,0.0,234.0,0.0,2020-03-20 00:00:00,FJ,FJI,24.85849953,25.185000415,24.996500015,24.41149998,22.99300003,22.338500025,21.375,21.621500015,21.96849918,22.80999947,23.57999992,24.31349945,23.37100029,396.76998901,332.29499817,475.81498718,324.875,156.465003965,140.76499939,104.400001525,126.709999085,126.665000915,179.96000671,259.025001525,281.369995115,2905.11499023,1670216.0,,,,,896445.0,49,2.8,28,59%,5708.0,28.5,65.3,6.2,1.05,1.05,1.04,1.05,1.03,0.85,1.03,-16.578193,179.414413
57,Finland,4740,199,2800,2020-01-29 21:00:00,2.91,W,**,,0.0,6122.0,56.0,2020-03-18 00:00:00,FI,FIN,-11.9132003958,-11.029672089,-6.0904573757,0.0373853007171,7.09436865861,12.8984669442,15.1773358911,13.1048191384,7.9050378588,2.24719921677,-4.03503832028,-9.22192749884,1.34786114267,32.0087489091,24.020139539,26.4752667868,28.069302714,33.7214262993,49.9210556918,66.7714862291,72.8270320056,58.1894541131,50.387442205,45.7904025069,36.5193465865,524.701103909,13364839.0,2.08,75.79,3.28,6.1,5540720.0,18,1.5,43,86%,269654.0,16.4,62.4,21.2,1.05,1.05,1.04,1.04,0.97,0.76,0.97,61.92411,25.748151
58,France,169053,23694,47775,2020-01-24 12:00:00,14.1,R,*,low,0.0,1980000.0,344.0,2020-03-03 00:00:00,FR,FRA,3.10936466067,4.2155689752,6.36956266683,9.09685119373,12.7177575465,16.0979416867,18.6038650936,18.2286943859,15.7827178334,11.7466920652,6.69005464548,3.86573959333,10.5437222252,72.9547620046,66.584123036,66.7097657522,66.51750775,79.9306905988,65.9479603391,54.6687260088,63.7325476768,67.7379048818,78.2799645228,79.650333329,76.2147183643,838.929003034,70188028.0,1.3,79.99,5.98,11.6,65273511.0,119,1.9,42,82%,2707074.0,18.1,62.2,19.7,1.05,1.05,1.05,1.01,0.93,0.75,0.96,46.227638,2.213749
59,Gabon,238,3,53,2020-03-14 22:00:00,97.67,,,,0.0,4.0,0.0,2020-03-16 00:00:00,GA,GAB,25.7201785587,25.9407498946,26.1398571782,26.0914880889,25.729821296,24.094666617,22.9847499756,23.345142955,24.5678570837,25.2167976246,25.1297380586,25.0368690033,24.9998213907,147.522155216,155.241821289,220.868214744,208.355594817,178.723094668,42.9633570625,9.20047140607,19.9395086544,112.470071679,286.924048469,286.377976372,150.85267848,1819.43900263,,,,,,2225734.0,9,4,23,87%,16877.0,35.9,59.6,4.5,1.03,1.01,1.0,1.0,0.93,0.75,0.99,-0.803689,11.609444
60,Gambia,10,1,8,2020-03-22 22:00:00,154.66,,,,,,,2020-03-18 00:00:00,GM,GMB,23.8743330633,25.8846664433,27.3233331033,28.2500006367,28.5323333733,28.5500005133,27.3556664767,26.7276662167,26.7333335867,27.58666738,26.5189997367,23.9286664333,26.7719999967,0.354433336667,0.265556673333,0.0,0.169999996667,7.29343367,85.6109975167,229.129999797,319.043324787,253.02999878,89.5400009167,5.66999992,0.370000003333,990.477742513,,,,,,2416668.0,239,5.3,18,59%,1773.0,45.3,52.3,2.3,,,,,,,,13.443182,-15.310139000000001
61,Georgia,511,6,168,2020-02-26 22:00:00,10.24,L,*,low,0.0,1300.0,33.0,2020-03-02 00:00:00,GE,GEO,-5.42515171345,-3.98355070034,0.72425619,7.62342414759,12.2604654907,15.6661723562,18.8047585321,18.4478620331,14.6292172462,8.74136891414,3.25689452103,-2.36748822931,7.3648176,64.0236897307,56.7138279883,61.9071380362,80.7927242145,105.259896377,117.650586358,86.1468958359,81.7247931379,74.2126201772,79.2352752686,74.4577586721,77.3115167945,959.436725485,516034.0,0.51,51.24,,,3989167.0,57,2.1,38,58%,15925.0,19.2,66.0,14.9,1.08,1.11,1.11,0.95,0.81,0.64,0.92,42.315407,43.356891999999995
62,Germany,159912,6314,117400,2020-01-27 20:30:00,10.86,N,,low,1.0,222360.0,258.0,2020-03-03 00:00:00,DE,DEU,-0.477573707112,0.556900267059,3.87454508904,7.68748449674,12.2732261821,15.4968931021,17.1880801711,16.96864174,13.9023048175,9.43178396455,4.27051657064,0.880767919412,8.50445189182,51.2189411532,42.0152352076,49.1029521206,52.4831497275,66.2658397855,80.2364705338,73.6784652264,72.3667913225,57.5428931495,50.3363102187,59.0208662103,59.2318180717,713.499730401,110000000.0,1.78,73.32,8.0,29.2,83783942.0,240,1.6,46,76%,3863344.0,13.1,65.5,21.5,1.06,1.05,1.04,1.02,0.98,0.78,0.97,51.165690999999995,10.451526
63,Ghana,1671,16,188,2020-03-14 22:00:00,144.64,,,,0.0,676.0,3.0,2020-03-16 00:00:00,GH,GHA,26.9493376496,29.0876363035,29.5212597294,29.1640778823,28.1507922084,26.6142207305,25.6694026556,25.4394545118,25.8664285243,26.8189739625,27.2965974435,26.4438961575,27.2517792583,7.45943797351,27.4347259008,71.6847145031,104.343286192,148.261468168,183.719740236,155.070610146,143.365675443,176.601596882,114.525103779,36.5587637799,15.9194455171,1184.94458325,467438.0,,,,,31072940.0,137,3.9,22,57%,67077.0,38.5,58.1,3.4,1.03,1.01,0.99,0.94,0.95,0.86,0.97,7.946527000000001,-1.0231940000000002
64,Greece,2566,138,577,2020-02-26 22:00:00,11.16,N,*,,1.0,17977.0,149.0,2020-03-05 00:00:00,GR,GRC,4.74083468941,5.80292624922,8.18870787,11.9302744773,16.4226273553,20.4767058129,22.9545881988,22.7745882288,19.5181962002,14.5512881557,10.2132196425,6.29176272569,13.6555019825,81.4790980765,72.7455488463,63.6717844941,47.1161177763,42.9725100575,28.0784881116,21.5165275078,19.0487954273,28.0234510198,66.8405687667,91.3035881196,105.426823186,668.223298315,15125934.0,1.22,56.21,4.21,6.0,10423054.0,81,1.3,46,85%,214012.0,14.2,65.4,20.4,1.06,1.06,1.05,0.99,0.96,0.78,0.95,39.074208,21.824312
65,Grenada,19,0,10,2020-03-22 22:00:00,86.5,W,*,mod,0.0,20.0,0.0,2020-03-16 00:00:00,GD,GRD,,,,,,,,,,,,,,,,,,,,,,,,,,,,,,,,112523.0,331,2.1,32,35%,1238.0,26.3,66.4,7.3,1.1,1.08,0.99,1.05,1.05,0.85,1.03,12.262775999999999,-61.604170999999994
66,Guatemala,530,15,49,2020-03-14 22:00:00,66.66,N,*,low,0.0,1170.0,24.0,2020-03-16 00:00:00,GT,GTM,20.6988717346,21.453153879,22.9386153592,24.3465898464,24.8912820567,24.5367693777,23.9858718279,24.110358899,23.8244358946,23.1102566351,21.8783845426,21.0798203882,23.0711796105,85.0046321795,55.8544432679,66.82082049,95.2076151928,215.29025562,387.592817649,379.057688786,341.905895918,404.436922513,313.123075437,160.639411144,101.397128497,2606.3307323,145795.0,1.01,67.75,,,17915568.0,167,2.9,23,52%,81318.0,35.1,60.3,4.7,1.05,1.04,1.01,0.91,0.91,0.87,0.97,15.783470999999999,-90.23075899999999
67,Guinea,1240,7,269,2020-03-13 22:00:00,144.82,,,,0.0,3.0,0.0,2020-03-25 00:00:00,GN,GIN,24.2463974346,26.2022948626,27.6297178754,28.2319743572,27.4741280635,25.5815513073,24.5182692945,24.1210897401,24.639987114,25.1313717427,25.0833975232,23.7111154704,25.5476408976,2.25061627551,9.43617346526,26.3763778792,63.7986744422,131.569885498,213.493718856,317.09987073,385.677693294,325.318975791,170.67371877,41.8727436186,5.99473625295,1693.56318234,,,,,,13132795.0,53,4.7,18,39%,13368.0,42.3,54.6,3.1,1.03,1.02,1.02,1.01,0.92,0.79,1,9.945587,-9.696645
68,Guinea-Bissau,73,1,18,2020-03-25 22:00:00,146.18,,,,,,,2020-03-17 00:00:00,GW,GNB,24.260700228,26.199699783,27.85169983,28.911000061,28.828399848,27.576999855,26.16680031,25.669700242,26.167399788,26.859400178,26.564000129,24.24070034,26.608000373,0.0,0.296003998,0.113999999,2.358702987,42.2126997,177.4,396.211001588,485.469998168,351.211001587,165.439001464,24.609899998,1.626659994,1646.94893799,,,,,,1968001.0,70,4.5,19,45%,,40.7,55.5,3.0,1.03,1.0,0.98,0.99,0.62,0.6,0.96,11.803749,-15.180413
69,Guyana,74,8,15,2020-03-12 22:00:00,56.31,,,,0.0,27.0,0.0,2020-03-16 00:00:00,GY,GUY,25.2276969971,25.3044089692,25.6498333321,25.8619998589,25.7892575992,25.3814090382,25.3262879344,25.7941211927,26.3879394529,26.6637423547,26.4607424592,25.6965909152,25.7953635703,176.544333718,129.468772888,148.416863586,202.002378753,341.201514735,355.046517343,291.18015035,204.00348617,109.995939081,100.872727307,120.420954733,185.532862981,2364.6864846,26069.0,,,,,786552.0,4,2.5,27,27%,4121.0,28.1,65.7,5.3,1.05,1.04,1.05,1.09,0.82,0.71,1.02,4.860416000000001,-58.93018000000001
70,Haiti,76,6,8,2020-03-20 22:00:00,84.39,L,,low,0.0,91.0,0.0,2020-03-20 00:00:00,HT,HTI,22.5036154515,22.7972310877,23.4705380669,24.1696155269,24.9102310769,25.6531537862,25.8720769146,26.0688461908,25.8061538092,25.2856151877,24.1929228854,22.9696920838,24.4750768223,42.9967697585,51.4069466215,66.0471539877,123.630540115,210.152078482,156.221308194,116.19692289,156.668001028,185.242307223,202.133076595,116.749307193,52.7566920054,1480.20113431,,,,,,11402528.0,414,3,24,57%,8819.0,33.0,62.2,4.8,1.01,0.99,1.0,0.99,0.91,0.81,0.98,18.971187,-72.28521500000001
71,Holy See,10,0,2,2020-03-10 22:00:00,,,,,,,,,VA,VAT,,,,,,,,,,,,,,,,,,,,,,,,,,,,,,,,801.0,"2,003",N.A.,N.A.,N.A.,,,,,,,,,,,,,
72,Honduras,702,64,79,2020-03-11 22:00:00,16.61,W,*,low,0.0,560.0,18.0,2020-03-12 00:00:00,HN,HND,21.3091945122,21.9815555681,23.3788888722,24.4199723142,24.9939168294,24.4957777122,24.0455000133,24.2710278833,24.2123054933,23.441611025,22.3797222239,21.7038888397,23.3860833383,92.3350640403,58.8256223131,39.3252111142,52.1669450342,151.620193906,268.511387719,253.224723393,217.195554945,260.124167549,248.863888634,177.314807573,126.250480407,1945.7580329,411989.0,0.76,,,,9904607.0,89,2.5,24,57%,24449.0,31.6,63.7,4.7,1.05,1.04,1.04,1.02,0.88,0.77,1.01,15.199998999999998,-86.241905
73,Hungary,2649,291,516,2020-03-04 22:00:00,6.1,L,,low,1.0,283.0,134.0,2020-03-11 00:00:00,HU,HUN,-2.0336318175,0.85379296,5.43674770841,10.7178158543,15.4936363923,18.5157499302,20.1089317584,19.6951364602,16.1348410732,10.8071817489,4.89333634568,0.114395750227,10.0614477293,34.47997713,31.7992501264,33.505045502,43.2712046884,59.7962045666,76.2604092682,60.1644545468,62.279659097,41.4223638014,35.482522965,50.7450909184,42.5487727257,571.754958413,31226848.0,0.86,47.8,7.02,13.8,9660351.0,107,1.5,43,72%,170407.0,14.3,67.1,18.6,1.06,1.06,1.07,1.01,0.85,0.6,0.91,47.162494,19.503304
74,Iceland,1795,10,1636,2020-02-28 22:00:00,11.9,W,***,,0.0,676.0,2.0,2020-03-16 00:00:00,IS,ISL,-3.16815236819,-2.71939346903,-2.61369958569,-0.459957362639,3.06059811042,6.38277637569,8.29472085528,7.56676523569,4.28621429403,1.20935476917,-2.33893538875,-3.28337865125,1.35140862333,100.834124618,85.0103474192,88.2211663986,65.7100278008,58.8852361838,68.4574585486,73.8330415096,87.8843888179,94.9747637643,115.659638458,99.2354023189,101.115611394,1039.82120895,7819741.0,1.68,65.92,3.06,9.1,341243.0,3,1.8,37,94%,23918.0,20.1,65.5,14.4,1.05,1.05,1.03,1.02,1.01,0.88,1.01,64.96305100000001,-19.020835
75,India,31324,1008,7747,2020-01-30 21:30:00,64.03,W,*,low,0.0,33783.0,2024.0,2020-03-04 00:00:00,IN,IND,16.8413802827,19.1491173624,23.4499590654,27.4321119274,29.5279568513,28.9643084852,26.9128511529,26.2308983833,26.0512614177,24.5157170361,20.7918396096,17.4778511101,23.9454341886,11.2114120421,13.2189992142,18.2215180393,31.4629705551,55.5253525844,155.400527693,266.924836064,249.320930989,163.084801681,68.8583155962,26.1148269998,12.8727612415,1072.21725144,164000000.0,0.79,67.13,,5.2,1380004385.0,464,2.2,28,35%,2935570.0,27.8,66.2,6.0,1.12,1.13,1.13,1.06,1.01,0.9,1.08,20.593684,78.96288
76,Indonesia,9511,773,1254,2020-03-02 22:00:00,26.72,R,*,mod,0.0,1098.0,10.0,2020-03-16 00:00:00,ID,IDN,25.5142263074,25.6187137851,25.7932745606,26.017600626,26.0388668871,25.5865341287,25.2749933542,25.3865790504,25.6319733873,25.9879351091,25.9789966925,25.797955086,25.7189700845,280.084104478,246.323737057,282.730138033,271.669482144,251.156481068,192.189814631,171.612460956,168.49560338,183.821996135,213.897380831,254.954193242,284.599806381,2801.53519982,115000000.0,0.45,60.48,,,273523615.0,151,2.3,30,56%,1111713.0,27.4,67.3,5.3,1.05,1.04,1.04,1.04,0.84,0.77,1,-0.789275,113.921327
77,Iran,92584,5877,72439,2020-02-19 22:00:00,19.67,,,,0.0,3672.0,147.0,,IR,IRN,4.39412645919,6.42993474674,11.3300033089,16.8241230285,22.056714029,26.5269025415,28.5932012505,27.2752779694,23.5086469818,17.8520535288,11.746286588,6.58141727681,16.9265578448,35.6713658385,32.9469057516,37.2045846958,32.4092544718,19.1216335077,4.95291083291,3.65782581716,3.06210345252,2.62927563351,10.0661076144,16.1935037898,29.4427013087,227.358172341,,0.19,51.7,,,83992949.0,52,2.2,32,76%,458500.0,23.7,70.9,5.4,1.05,1.05,1.05,1.04,0.97,0.86,1.03,32.427908,53.68804599999999
78,Iraq,1928,90,1319,2020-02-23 22:00:00,22.66,,,,0.0,2880.0,42.0,2020-02-28 00:00:00,IQ,IRQ,8.88067899798,11.1275081136,15.1226595757,20.7054127382,26.5342196147,30.7832196301,33.298716738,32.8878554636,29.4440000898,23.5801791483,16.0803629947,10.514994975,21.5799935738,33.0367115494,29.9658861818,31.0701388539,28.7781271688,11.8864306298,0.811658092428,0.253603123179,0.310943929595,0.346357976763,8.19823993173,21.4651143866,30.2124509672,196.33566282,2075066.0,1.0,41.36,,,40222493.0,93,3.7,21,73%,224462.0,40.4,56.4,3.2,1.05,1.04,1.04,1.02,0.91,0.8,1.02,33.223191,43.679291
79,Ireland,19877,1159,9233,2020-02-29 22:00:00,15.91,W,***,mod,1.0,3189.0,26.0,2020-03-12 00:00:00,IE,IRL,4.63792971649,4.69251893703,5.99647837757,7.69467835865,10.0736297154,12.7990540678,14.5261352384,14.2768378641,12.4591081208,10.0811620916,6.61089730919,5.44640271757,9.10792435892,121.965568336,86.4352707727,90.0751083997,65.8839185565,76.8194057351,67.1130545327,66.1908914719,88.4015403959,99.7118377681,115.96956717,112.429811426,119.632621971,1110.62860932,168000000.0,1.9,51.89,2.96,6.5,4937786.0,72,1.8,38,63%,384940.0,21.6,64.4,13.9,1.06,1.05,1.03,1.01,1.0,0.86,1,53.41291,-8.243889999999999
80,Israel,15728,210,7746,2020-02-21 22:00:00,21.91,W,*,low,0.0,4330.0,94.0,2020-03-12 00:00:00,IL,ISR,11.7934285586,12.7161430629,14.95814269,18.8179999757,21.8957143514,24.7517144357,26.44942883,26.6815711414,25.1238572257,22.2190001343,17.5692858029,13.4018571043,19.6980002257,60.4875713071,43.4795714086,32.7004710614,12.4127571757,1.54761431857,0.00619042857143,0.0947614314286,0.24285715,0.366195721429,9.77665287429,27.5484288743,60.0263843543,248.689445496,7404373.0,1.11,73.29,3.02,,8655535.0,400,3,30,93%,387717.0,27.9,60.4,11.7,1.05,1.05,1.05,1.05,0.96,0.81,1.01,31.046051000000002,34.851612
81,Italy,201505,27359,68941,2020-01-30 21:30:00,8.15,W,**,,0.0,3064933.0,244.0,2020-02-24 00:00:00,IT,ITA,3.31879217833,4.34935953167,6.52207617619,9.61269160262,13.777578531,17.5246984466,20.305087347,20.1443436107,17.185812723,12.8568564304,8.01244594294,4.39841215413,11.5006942985,77.5825953106,71.8771189735,74.6010476067,78.9988334293,74.1533415731,67.4607256382,56.3902375013,71.921124806,75.8943569245,95.0697060543,101.236372691,85.0081585475,930.193617321,27630436.0,1.69,66.59,3.18,12.5,60461826.0,206,1.3,47,69%,1988636.0,13.5,63.5,23.0,1.06,1.04,1.0,0.98,0.94,0.75,0.93,41.87194,12.56738
82,Jamaica,364,7,29,2020-03-11 22:00:00,18.29,W,*,low,0.0,191.0,7.0,2020-03-13 00:00:00,JM,JAM,22.7607498175,22.9149999625,23.4444999725,24.24524975,24.72424984,25.5032501225,25.69500017,25.908249855,25.40500021,25.0297503475,24.375750065,23.6240000725,24.4689998625,106.49999714,107.80424881,79.4767484675,126.700000763,233.207500458,169.257499695,134.78999901,205.759998323,228.487499238,297.010002135,263.872501375,161.318244935,2114.18426514,180951.3,,,,,2961167.0,273,2,31,55%,15702.0,22.7,67.6,9.7,1.05,1.04,1.01,0.98,0.93,0.81,0.98,18.109581,-77.297508
83,Japan,13736,394,1899,2020-01-22 12:00:00,34.54,W,,,0.0,11636.0,198.0,2020-03-02 00:00:00,JP,JPN,-1.2677038071,-0.888599010968,2.52311821019,8.70206017252,13.5240186939,17.3409180366,21.3386515279,22.7439999608,18.7572386649,12.7772058149,7.05367531465,1.74808020484,10.3627259421,74.2508577779,73.7167289491,97.0273870162,124.162871133,138.980864789,206.799845985,212.035225703,187.558819531,193.236128629,126.193819649,98.0685353679,71.7260708472,1603.75715293,126000000.0,1.33,81.14,13.05,7.3,126476461.0,347,1.4,48,92%,5154475.0,12.9,60.1,27.0,1.06,1.06,1.11,0.98,1.0,0.77,0.94,36.204824,138.252924
84,Jordan,449,8,348,2020-03-03 22:00:00,22.75,,,,0.0,3033.0,19.0,2020-03-15 00:00:00,JO,JOR,8.33733425086,9.95351138714,13.0815142774,17.7182571409,21.9178571429,25.2252286097,26.9035428183,26.910114342,24.8534570417,20.6833142957,14.7097427923,9.93981428114,18.3528284894,20.9406344146,18.7697971754,18.951217222,8.78969704457,2.72523515543,0.0501906571429,0.222855138,0.472763713714,0.0726665702857,4.01809230114,9.590104806,17.7024372631,102.305693981,3383805.0,1.2,64.6,,,10203134.0,115,2.8,24,91%,44172.0,35.5,60.7,3.8,1.06,1.05,1.05,1.0,0.95,0.89,1.02,30.585164000000002,36.238414
85,Kazakhstan,3027,25,774,2020-03-13 22:00:00,26.61,R,**,mod,0.0,17.0,0.0,2020-03-16 00:00:00,KZ,KAZ,-12.3052040115,-11.8039681389,-3.95710798869,8.23751491933,15.7962313368,20.9732946175,23.4036417427,20.8807842688,15.0033994627,6.1843662321,-1.91660924861,-8.64194195655,5.98787051356,16.9146346154,14.0704778972,17.8503718487,23.5456614335,25.3993987251,25.163847823,27.1393533462,20.3158715371,16.0125119812,23.5374294634,22.7486447102,19.5667820106,252.264985559,7143797.0,0.57,50.7,,,18776707.0,7,2.8,31,58%,170326.0,27.9,65.1,7.0,0.94,0.98,1.04,0.95,0.78,0.53,0.92,48.019573,66.923684
86,Kenya,374,14,124,2020-03-13 22:00:00,89.41,,,,0.0,417.0,0.0,2020-03-16 00:00:00,KE,KEN,24.9174010743,25.7118983954,26.0990748179,25.453091004,24.4964705943,23.4174918619,22.8544385015,23.1571336532,23.9219037635,24.8403904094,24.554203222,24.5703636924,24.4994652948,30.9410363356,26.9910748602,60.5484333344,138.852716946,89.8173792836,34.4887235853,30.8013136116,28.7896005382,26.5951484872,58.9008769632,102.176903903,49.2097379566,678.112942292,5935831.0,0.21,55.59,,,53771296.0,94,3.5,20,28%,98607.0,40.5,56.8,2.7,1.02,1.01,1.0,1.02,0.84,0.77,1,-0.023559,37.906193
87,South Korea,10761,246,8922,2020-01-22 12:00:00,19.84,W,*,low,0.0,107939.0,250.0,,KR,KOR,-3.58070546571,-1.48293976286,3.66356667833,10.2908475738,15.510357131,19.7805000945,23.3120952331,23.8830713552,18.8034284686,12.6965548424,5.71207382024,-0.671188795476,10.6598023119,29.272976376,37.5892381667,59.698333105,104.718999409,101.926238106,177.641428993,292.021189009,252.759523301,154.226664771,60.3500714979,51.0420956383,23.4845951619,1344.7313494,,0.82,81.97,12.27,10.6,51269185.0,527,1.1,44,82%,1629532.0,13.5,72.6,13.9,1.05,1.06,1.12,1.06,0.98,0.71,1,35.907757000000004,127.766922
88,Kuwait,3440,23,1176,2020-02-24 22:00:00,58.28,,,,0.0,8669.0,30.0,2020-03-01 00:00:00,KW,KWT,12.35087502,14.6587500575,19.233750105,24.2126250275,30.6608750813,34.72037506,36.2457499488,35.877625465,32.7777500162,27.1337502012,19.8928751938,14.0770000237,25.1534998425,22.8045001037,14.3530001663,14.9973748912,16.560124875,4.81332498625,0.1924999975,0.38957875375,0.4229162525,0.24833500375,1.72665873125,13.7781250487,18.300374865,108.586813929,6464847.0,1.0,56.21,,,4270571.0,240,2.1,37,N.A.,137591.0,21.1,76.6,2.3,1.05,1.08,1.22,1.72,1.31,0.89,1.41,29.311659999999996,47.481766
89,Kyrgyzstan,708,8,416,2020-03-18 22:00:00,11.82,N,,low,0.0,61.0,0.0,2020-03-16 00:00:00,KG,KGZ,-14.2591565028,-12.7152694714,-5.189968368,3.17779757482,7.52092722929,11.5258059278,14.4456388695,13.6989729205,9.00868709235,2.21372162424,-5.26505421388,-11.0453655364,1.09305612341,25.4001739948,28.2634693702,44.4932000105,57.4368707993,59.1367296104,39.3683410865,22.3515179521,14.2982529079,10.7426411856,30.6877647062,30.5075295953,28.0349752651,390.721465526,,,,,,6524195.0,34,3,26,36%,8261.0,31.8,63.7,4.5,1.07,1.05,1.03,0.96,0.77,0.62,0.96,41.20438,74.766098
90,Laos,19,0,7,2020-03-24 22:00:00,75.1,,,,0.0,242.0,1.0,2020-03-19 00:00:00,LA,LAO,18.6887866467,20.5977866107,23.0096931719,25.2102533471,25.9049066928,25.7494533283,25.4948399105,25.1973866019,24.8346400959,23.6213866424,21.2673066203,19.0327467219,23.2174666595,19.4429142463,18.2571453345,38.6574801884,97.1512667339,189.651333821,271.015866902,281.590931804,340.923065593,247.462799886,151.876759542,74.5423200737,27.7755292515,1758.34740397,1251962.0,,,,,7275560.0,32,2.7,24,36%,19127.0,32.9,63.1,4.0,1.04,1.02,0.99,0.97,0.96,0.83,0.99,19.856270000000002,102.495496
91,Latvia,836,13,267,2020-03-02 22:00:00,12.99,S,,low,0.0,1253.0,34.0,2020-03-13 00:00:00,LV,LVA,-5.86590574886,-5.30303998686,-1.36724608629,4.96076285543,11.260714286,15.0436285571,16.5489142557,15.9355998997,11.5127999711,6.73085426629,1.341335316,-3.27895057943,5.62662572943,38.0864570617,27.5873714991,33.5990570069,38.1148569386,47.0744858886,59.8913710454,75.6287423274,76.4201433454,70.8669719157,59.0132853914,61.2137139457,51.3738572249,638.870309012,4058762.0,1.77,62.91,5.57,9.7,1886198.0,30,1.7,44,69%,35045.0,15.4,64.8,19.8,1.05,1.05,1.07,0.98,0.79,0.48,0.86,56.879635,24.603189
92,Lebanon,717,24,145,2020-02-21 22:00:00,8.57,,,,0.0,1838.0,5.0,2020-03-02 00:00:00,LB,LBN,7.498274835,8.126649915,10.394250155,13.9957499475,17.4242498875,20.869999885,22.96849966,23.3482499125,21.84250021,18.40225029,13.50157523,8.9906749725,15.61349988,162.237495425,123.147500993,91.2740001675,50.4782505025,14.3434245575,2.284992455,0.0,0.1150000025,2.293324975,40.76249981,85.00099945,149.174999238,721.112487793,2981937.0,0.82,64.38,,,6825445.0,667,2.1,30,78%,58565.0,23.1,68.4,8.5,1.05,1.05,1.05,1.02,0.88,0.79,1,33.854721000000005,35.862285
93,Liberia,141,16,45,2020-03-16 22:00:00,124.54,,,,,,,2020-03-16 00:00:00,LR,LBR,25.2613871168,25.8746129323,26.4381934742,26.3816452026,25.8126773835,25.0994195635,24.1391936268,23.8999030197,24.5444193813,25.1263224081,25.4452257465,25.0066127161,25.2524195026,23.7583225932,69.8592256116,99.4481292235,152.99580654,252.79999813,359.977740873,320.883872739,341.743870396,399.097418016,261.438709382,125.087547795,52.9896125181,2460.08025139,,,,,,5057681.0,53,4.4,19,53%,3221.0,41.8,55.1,3.1,1.03,1.02,0.97,0.99,0.93,0.97,0.99,6.4280550000000005,-9.429499
94,Libya,61,2,18,2020-03-24 22:00:00,33.38,,,,0.0,764.0,1.0,2020-03-16 00:00:00,LY,LBY,12.3848994909,14.635524548,17.756450098,22.0976801933,26.4955702263,29.2338274037,29.4026886802,29.1220389234,27.3196548324,23.0867935865,17.7496598706,13.5146480389,21.8999695205,8.72133824814,4.97643994188,5.49016549416,2.83849787403,1.59662803398,0.46816140555,0.435708037022,1.12311913298,1.70835164306,5.35805954504,5.18980751535,8.07099734049,45.9772740284,927153.9,,,,,6871292.0,4,2.3,29,78%,33018.0,28.2,67.4,4.4,1.05,1.05,1.06,1.1,1.04,1.01,1.07,26.3351,17.228331
95,Liechtenstein,82,1,55,2020-03-04 22:00:00,,,,,0.0,5.0,0.0,2020-03-16 00:00:00,LI,LIE,,,,,,,,,,,,,,,,,,,,,,,,,,,,,,,,38128.0,238,N.A.,N.A.,15%,,,,,1.26,1.17,0.99,1.0,0.95,0.84,0.99,47.166000000000004,9.555373
96,Lithuania,1344,44,536,2020-02-28 22:00:00,11.59,S,,low,0.0,68.0,23.0,2020-03-16 00:00:00,LT,LTU,-5.46863075385,-4.62512563487,-0.466065368718,5.95478204564,12.1770512749,15.5920000074,16.8876409277,16.4331793659,12.1352050974,7.21564104667,1.83145462385,-2.72837617692,6.24490510462,38.8941797592,28.1443589046,36.0231537938,40.5355640313,51.0000510582,67.795410939,77.1574622908,75.5467435397,67.0946929141,56.5128201218,61.2041024428,51.8131028203,651.721643692,26031.0,1.46,69.49,6.56,15.5,2722289.0,43,1.7,45,71%,53641.0,14.8,66.2,19.0,1.06,1.05,1.07,0.97,0.79,0.51,0.86,55.169438,23.881275
97,Luxembourg,3741,89,3123,2020-02-29 22:00:00,12.46,W,**,low,0.0,333.0,3.0,2020-03-16 00:00:00,LU,LUX,0.37,1.60329998,4.7033,8.11330032,12.42300034,15.50300026,17.39299965,16.89999962,14.04699993,9.75329971,4.4000001,1.37329996,8.88189983,74.29299927,60.61999893,71.18299866,57.73300171,72.19999695,76.33699799,69.44300079,70.43000031,59.84000015,69.79699707,82.26699829,84.66300201,848.8059082,2099102.0,1.43,,4.66,24.8,625978.0,242,1.5,40,88%,69453.0,16.5,69.2,14.3,1.06,1.06,1.05,1.05,1.03,0.79,1.01,49.815273,6.129583
98,Madagascar,128,0,82,2020-03-20 22:00:00,83.91,,,,0.0,877.0,3.0,2020-03-21 00:00:00,MG,MDG,24.2883248113,24.3230558484,23.9871370636,23.1009341403,21.1723299509,19.3497359718,18.8922690379,19.2970811825,20.5272030713,22.0993096407,23.1939441662,23.9313400965,22.013568481,283.240354508,257.362943969,184.326086441,90.1134973566,55.1856411944,48.2408878683,56.8729068141,49.0548152222,31.8601407679,60.8826244328,118.041010077,240.495077065,1475.67599208,541290.0,,,,,27691018.0,48,4.1,20,39%,12550.0,41.0,56.1,2.9,1.03,1.02,1.01,1.0,0.95,0.83,1,-18.766947000000002,46.869107
99,Malaysia,5851,100,4032,2020-01-23 12:00:00,74.61,,,,0.0,12210.0,92.0,2020-03-18 00:00:00,MY,MYS,24.6078001296,24.7327333537,25.192580977,25.6110951921,25.7420380544,25.4904666359,25.208180981,25.1865619669,25.1144381386,25.1008476257,24.8886286051,24.790409579,25.1388380873,274.888942355,196.227839006,210.433009048,227.43447549,239.842762829,196.161933318,190.336952645,220.192028373,251.651143973,298.329239037,342.465237717,344.829457311,2992.79301293,60481772.0,1.33,68.1,,,32365999.0,99,2,30,78%,365303.0,24.3,69.4,6.3,1.07,1.06,1.03,1.02,1.03,0.9,1.03,4.210483999999999,101.97576600000001
100,Maldives,250,0,17,2020-03-08 22:00:00,18.56,L,,low,0.0,35.0,1.0,2020-03-12 00:00:00,MV,MDV,,,,,,,,,,,,,,,,,,,,,,,,,,,1147247.0,,,,,540544.0,"1,802",1.9,30,35%,5786.0,23.4,72.5,4.1,1.05,1.04,1.37,1.34,1.0,0.89,1.23,3.202778,73.22068
101,Mali,424,24,122,2020-03-25 22:00:00,79.71,,,,0.0,29.0,0.0,2020-03-19 00:00:00,ML,MLI,21.2475948645,24.1740773177,27.3373934592,30.5308384548,33.0620796731,33.3819766837,31.8124566804,30.6225644187,30.5773349601,29.5538407532,25.6446416933,21.653618252,28.2998735354,0.0368693204918,0.340452506487,1.06994865953,5.18154163169,14.3404221197,36.7835536332,75.3051020403,98.1685818358,55.8155209292,14.8958781291,0.950165640562,0.121108735246,303.009144715,,,,,,20250833.0,17,5.9,16,44%,17647.0,47.7,49.8,2.5,1.03,1.01,0.91,0.87,1.0,1.0,0.95,17.570692,-3.9961660000000006
102,Malta,458,4,303,2020-03-07 22:00:00,19.76,R,**,,1.0,718.0,5.0,2020-03-13 00:00:00,MT,MLT,,,,,,,,,,,,,,,,,,,,,,,,,,,2576898.0,1.11,68.81,,,441543.0,"1,380",1.5,43,93%,14859.0,14.4,66.1,19.4,1.06,1.05,1.06,1.05,0.98,0.81,0.99,35.937496,14.375416
103,Mauritania,7,1,6,2020-03-14 22:00:00,138.44,,,,0.0,15.0,0.0,2020-03-16 00:00:00,MR,MRT,20.2952249921,22.6555833236,25.2899750021,27.9485444704,31.3040167597,33.2127943674,33.2987194008,32.2758000321,31.2021305402,29.3837694487,24.9554861071,20.4928527806,27.6928972352,0.566462329889,0.685119805417,0.229314249056,0.545212221972,0.716934001694,5.51420439144,18.7782930038,33.6064383049,23.4928982538,4.07239653575,0.999815668389,0.797666558167,90.0047551118,454435.7,,,,,4649658.0,5,4.6,20,57%,5651.0,39.9,56.9,3.1,1.03,1.01,0.96,0.86,0.82,0.74,0.93,21.00789,-10.940835
104,Mauritius,334,10,303,2020-03-18 22:00:00,22.44,,,,1.0,69.0,8.0,2020-03-19 00:00:00,MU,MUS,25.49699974,25.59700012,25.47699928,24.62000084,22.88699913,21.34000015,20.65299988,20.37999916,20.90299988,21.99699974,23.43300056,24.74300003,23.12700081,265.80999756,283.83999634,245.58000183,223.8500061,156.24000549,121.97000122,121.93000031,105.01999664,69.5,69.93699646,91.33000183,198.00999451,1953.0168457,1745291.0,,,,,1271768.0,626,1.4,37,41%,14391.0,18.4,70.7,10.9,1.05,1.04,1.02,1.0,0.9,0.68,0.97,-20.348404000000002,57.552152
105,Mexico,16752,1569,11423,2020-01-23 12:00:00,19.52,W,**,mod,0.0,70715.0,1316.0,2020-03-23 00:00:00,MX,MEX,14.8006813803,16.1972031175,18.440794869,21.2774871834,23.4617642097,24.9599289663,24.9021690257,24.6961945891,23.5785696223,21.0675951513,17.7917967616,15.3622514058,20.5446931517,23.1768269952,15.9038767675,13.1441916202,17.0845185005,38.8260311702,102.022207957,132.379153537,134.178239048,137.518152962,70.5776337398,27.618802976,25.7094942568,738.139128273,64569640.0,0.75,70.12,1.38,1.2,128932753.0,66,2.1,29,84%,1274175.0,26.7,66.5,6.9,1.05,1.05,1.03,0.93,0.85,0.82,0.96,23.634501,-102.552784
106,Moldova,3638,103,975,2020-03-08 22:00:00,22.6,,,,0.0,2524.0,46.0,,MD,MDA,-3.3318750275,-1.72978312938,2.93103748437,10.2504000069,16.0523126119,19.3799998769,20.956624865,20.5797499419,16.4391248225,10.4099999663,4.48333753625,-0.414169395,9.66717493563,37.0675628187,36.5165624613,32.4958127744,42.6939997688,53.7358746537,73.7772493363,68.0855007175,47.4527502062,45.2562499037,25.6131875519,37.7733125688,38.4246873837,538.892749786,1135999.0,,,,,4033963.0,123,1.3,38,43%,11688.0,15.7,73.4,10.9,1.06,1.06,1.07,1.01,0.85,0.62,0.95,47.411631,28.369884999999996
107,Monaco,95,4,50,2020-02-29 22:00:00,,,,,0.0,36.0,0.0,2020-03-16 00:00:00,MC,MCO,,,,,,,,,,,,,,,,,,,,,,,,,,,316.0,,,,,39242.0,"26,337",N.A.,N.A.,N.A.,,,,,1.04,1.06,1.06,1.0,0.99,0.81,0.95,43.750298,7.412841
108,Mongolia,38,0,10,2020-03-10 22:00:00,15.64,,,,0.0,1259.0,30.0,2020-02-19 00:00:00,MN,MNG,-20.5557000058,-17.7958012641,-8.8018921488,1.68732293685,9.79869897018,15.1645224127,17.1960112476,15.4718928467,9.23160639716,0.771283114595,-10.2264777954,-17.9300201274,-0.499043690351,1.63824844441,1.72180610839,3.90383061446,9.53094778743,17.3685030182,37.3670442726,64.0635147326,54.1387783991,22.3990558006,8.16174381201,4.44854812681,2.48991662997,227.231938367,670360.0,,,,,3278290.0,2,2.9,28,67%,13637.0,29.7,66.3,4.0,1.05,1.04,1.02,0.94,0.85,0.69,0.96,46.862496,103.84665600000001
109,Montenegro,321,7,199,2020-03-17 22:00:00,6.49,N,,,0.0,119.0,7.0,2020-03-16 00:00:00,ME,MNE,-2.09668336167,-0.745555001667,2.53277329333,6.87111679667,11.6044499067,14.97149992,17.5464998867,17.5399999617,13.9561667433,8.87339989333,3.88721660833,-0.057211725,7.90694991667,110.909333548,100.989331563,100.887833913,106.440499627,101.580000562,94.5388336167,76.7453327167,76.7778320317,93.8740018217,107.004500072,133.45666504,123.97833252,1227.18247477,565522.0,0.85,,,,628066.0,47,1.8,39,68%,5424.0,18.1,67.1,14.8,1.06,0.97,0.83,1.17,1.0,0.66,0.99,42.708678000000006,19.37439
110,Morocco,4252,165,778,2020-03-02 22:00:00,34.97,,,,0.0,2890.0,64.0,2020-03-16 00:00:00,MA,MAR,9.67785576301,11.171099339,13.0861974435,15.0990064115,18.6076538498,22.2208973815,26.0095448981,25.8618846303,22.7080256754,18.2248013265,13.7435929438,10.2906474428,17.2250961033,39.4175640982,46.0125473556,37.2461108303,38.8225851702,23.7302321392,8.18128313417,2.55463774705,3.79200832641,11.9307271553,24.6411987115,44.0273141431,41.9103334257,322.266544538,8132917.0,0.87,45.72,,,36910560.0,83,2.4,30,64%,119040.0,27.4,65.8,6.8,1.05,1.03,0.99,0.94,0.99,0.82,0.97,31.791702,-7.09262
111,Mozambique,76,0,12,2020-03-22 22:00:00,87.67,,,,0.0,57.0,2.0,2020-03-23 00:00:00,MZ,MOZ,26.0328726751,25.8909775593,25.481543016,24.1482809185,22.0386404547,20.0028876331,19.6283857722,20.9869626004,23.1271048987,24.9764793552,25.9271236021,26.0310037948,23.6893595864,196.133718855,189.222884389,163.410131362,83.9839847505,32.8976375397,20.7216162981,18.3322629155,12.2389315993,10.4288554162,29.206317566,73.9878950368,177.241557547,1007.80579276,540124.0,,,,,31255435.0,40,4.9,18,38%,15093.0,44.8,52.1,3.2,1.02,1.01,0.97,0.88,0.92,0.85,0.96,-18.665695,35.529562
112,Namibia,16,0,8,2020-03-14 22:00:00,93.99,,,,0.0,75.0,1.0,2020-03-16 00:00:00,,NAM,24.2612369087,23.6053658394,22.6727387097,20.3288083426,17.1597561024,14.4402892076,14.1412195275,16.061324063,19.235229981,21.5791986115,23.0073833332,23.9632474452,20.0380348544,63.8837711898,64.5885540323,55.4939456283,22.0797505437,2.64639999899,1.32970969209,0.417375681289,0.554750660662,1.76883780582,7.94217772697,24.1936600433,28.9322689086,273.831201087,602893.0,1.53,,,,2540905.0,3,3.4,22,55%,14368.0,36.7,59.8,3.6,1.03,1.02,0.99,0.91,0.82,0.75,0.96,-22.957639999999998,18.49041
113,Nepal,54,0,16,2020-01-25 22:00:00,47.23,R,*,low,0.0,172.0,3.0,2020-03-18 00:00:00,NP,NPL,4.16371549346,5.63105762096,10.0194744744,14.2516039363,16.8201659156,18.8301845373,18.8067634658,18.5904403056,17.3507481287,13.7336898296,9.16298184942,5.56696731904,12.7439404148,20.2054135704,30.3687498019,39.8421537879,53.3962115138,95.8172310313,212.614403285,363.567690629,299.465192354,203.836345965,60.7170773646,10.3399499885,16.2413481019,1406.41177368,3296953.0,0.32,56.88,,,29136808.0,203,1.9,25,21%,29813.0,30.9,63.3,5.8,1.04,1.07,1.0,0.82,0.95,0.86,0.95,28.394857000000002,84.12400799999999
114,Netherlands,38612,4582,117,2020-02-27 22:00:00,14.56,W,*,low,1.0,1473.0,62.0,2020-03-16 00:00:00,NL,NLD,1.99377499625,2.373549975,4.94500624938,7.5629125525,11.9835625294,14.7218749531,16.5509375331,16.6398750544,13.8956249956,10.3473501212,5.9162374725,3.49061252188,9.2017376425,65.5065004819,44.592750075,60.105875015,46.744374275,56.0626871588,66.4131248,73.1974992762,65.141625165,66.6749999519,69.2402501113,77.0245633119,75.3646249762,766.068878174,43996045.0,2.12,74.65,3.32,6.4,17134872.0,508,1.7,43,92%,902355.0,16.4,64.8,18.8,1.05,1.05,1.04,1.01,0.99,0.82,0.98,52.132633,5.291266
115,New Zealand,1474,19,1229,2020-02-28 22:00:00,10.98,L,*,low,1.0,3199.0,50.0,2020-03-24 00:00:00,NZ,NZL,14.937460883,15.0523191869,13.603137373,10.7182252223,7.58202870504,5.26177081157,4.5691602653,5.71825568757,7.61094083078,9.67045912096,11.528106101,13.4580365097,9.975832156,139.133912228,108.154799652,147.050826628,141.770095991,160.203025651,154.600009222,161.397782931,162.522799914,161.477035788,159.375043952,143.233765345,152.026573148,1790.94567393,17249050.0,1.53,73.81,2.71,,4822233.0,18,1.9,38,87%,204671.0,19.8,64.9,15.3,1.05,1.05,1.06,1.0,0.95,0.86,0.99,-40.900557,174.88597099999998
116,Nicaragua,13,3,7,2020-03-19 22:00:00,24.91,W,*,low,0.0,2172.0,11.0,,NI,NIC,23.2951739357,23.9666521237,24.9492826457,25.7220434111,25.8083260987,25.0681956335,24.9269782772,24.769108813,24.7235435404,24.5415216528,23.786347928,23.5078044146,24.5887827261,110.787463417,56.1488833687,36.139202113,47.6719044985,197.448260432,372.434561688,337.752826193,296.644565748,299.94521365,313.845869645,193.1637385,144.986883153,2406.96939485,,,,,,6624554.0,55,2.4,26,57%,12528.0,29.0,65.5,5.4,1.05,1.04,1.01,0.9,0.86,0.81,0.95,12.865416,-85.207229
117,Niger,709,31,403,2020-03-20 22:00:00,165.84,,,,0.0,49.0,0.0,2020-03-21 00:00:00,NE,NER,19.047645176,21.9109478992,26.0116972532,30.292493782,32.7285061783,32.7932482121,31.2361761619,30.3225930833,30.3476550619,28.4680570931,23.6613747003,20.0442630185,27.2387295245,0.00904880890819,0.398386277221,0.456981737022,1.20666496593,6.08845945543,16.7867008187,48.1881728432,64.4835032478,21.4164967248,1.75101499737,0.017741885732,0.0,160.803172125,,,,,,24206644.0,19,7,15,17%,9443.0,50.2,47.2,2.6,1.03,1.02,0.98,1.0,1.08,1.04,1.01,17.607789,8.081666
118,Nigeria,1532,44,255,2020-02-28 22:00:00,228.17,,,,0.0,11.0,2.0,2020-03-26 00:00:00,NG,NGA,24.5966204525,27.00505606,29.1261221444,29.8896633122,28.9375676324,27.3111056021,25.849547843,25.3768052709,25.9279471548,26.776201273,25.924313561,24.665755728,26.7822145517,3.45904475073,9.5982257198,30.8252734699,68.7938213639,115.384580653,158.439224577,215.140264001,230.015280871,197.647877973,92.2940934288,13.0064345693,3.92777306442,1138.53188956,8169192.0,,51.59,,,206139589.0,226,5.4,18,52%,446543.0,44.0,53.3,2.8,1.06,1.05,1.04,1.05,0.95,0.91,1.04,9.081999,8.675277000000001
119,North Macedonia,1421,71,589,2020-02-26 22:00:00,4.58,,,,,,,2020-03-11 00:00:00,MK,MKD,-0.983333631818,1.04726907545,4.76606358182,9.23396370636,13.9857270482,17.4211815909,19.8467271982,19.7317272527,16.3104544545,10.7848818527,5.36607267636,0.732433634545,9.85351818182,47.2748180736,42.2820907936,51.3084546864,52.3409999509,69.4513622645,57.48736364,46.0502728555,41.8168178909,40.1680915145,53.8084546873,70.0950903464,60.4199995555,632.503834118,,0.94,56.38,,,2083374.0,83,1.5,39,59%,12672.0,23.7,64.4,11.9,,,,,,,,,
120,Norway,7660,206,32,2020-02-26 22:00:00,19.62,W,*,low,1.0,12654.0,29.0,2020-03-12 00:00:00,NO,NOR,-9.24671786338,-8.74284329848,-5.4938826546,-1.13659751245,4.77980677325,9.52707594063,11.642187759,10.4865046292,6.41699831878,1.64312302122,-3.76011202008,-7.06873278608,0.753892465738,93.1453249081,70.4285909273,73.1819746044,53.4084176092,55.3523585242,71.4860463043,91.2361983929,94.8600883645,117.050885985,122.49703384,104.182696346,105.011130804,1051.84074138,,1.75,74.36,3.6,8.0,5421241.0,15,1.7,40,83%,417627.0,17.8,65.4,16.8,1.06,1.05,1.05,1.06,1.02,0.84,1.02,60.472024,8.468946
121,Oman,2131,10,364,2020-02-24 22:00:00,39.11,,,,0.0,6349.0,33.0,2020-03-15 00:00:00,OM,OMN,19.9224392191,20.775766275,23.3960468256,26.7157756768,29.46642988,30.0502896709,28.6942336362,27.6113364142,27.4452803958,26.2485888471,23.8319439042,21.2907197452,25.454102757,6.89459590766,12.6757616684,10.6725981618,14.5499317395,3.82155141318,6.43392590785,12.1798710157,7.37560776243,2.20102665757,3.32121579692,3.6162012028,4.46481990252,88.2071067955,10438241.0,1.4,58.15,,,5106626.0,16,2.9,31,87%,76609.0,21.8,75.8,2.4,1.05,1.05,1.1,1.38,1.14,0.99,1.19,21.512583,55.923255000000005
122,Pakistan,14612,312,3233,2020-02-26 22:00:00,39.45,,,,0.0,253.0,25.0,2020-02-27 00:00:00,PK,PAK,8.67476494172,10.6670380398,16.0089475526,21.5850691446,25.8494860531,28.9813599834,28.6596479769,27.6200021334,25.2827455218,20.8614754706,15.2543111424,10.3272295108,19.9810149025,20.5768585892,27.5545800423,35.0828375244,24.8743367933,16.8307636729,14.3844392616,59.8335989858,54.5248083716,19.5009315472,6.9728529788,6.56922463366,14.3125720393,301.017805117,6880637.0,0.56,60.59,,,220892340.0,287,3.6,23,35%,284214.0,34.8,60.7,4.5,1.05,1.06,1.06,1.08,1.01,0.88,1.06,30.375321000000003,69.345116
123,Panama,6021,167,455,2020-03-10 22:00:00,24.46,W,*,low,0.0,813.0,12.0,2020-03-12 00:00:00,PA,PAN,24.1789998204,24.5280833262,25.4415415129,25.7004999317,25.5563333033,24.8496249508,25.1166249113,24.7053749558,24.339208285,24.2981249492,23.9639583425,23.9897500683,24.7223333512,61.3490413829,34.9890401442,36.5469997525,115.195666153,296.423748653,258.260417303,232.771250406,271.582916895,272.902917226,419.104163487,325.03833135,162.862082481,2487.02656047,12939350.0,0.98,59.93,,,4314767.0,58,2.5,30,68%,68536.0,27.4,64.7,7.9,1.05,1.04,1.04,1.03,0.98,0.85,1.01,8.537981,-80.782127
124,Papua New Guinea,8,0,0,2020-03-20 22:00:00,,,,,0.0,12.0,0.0,2020-03-23 00:00:00,PG,PNG,25.4666598313,25.3913673087,25.3517822469,25.2838774184,25.1534422793,24.501721012,24.0609863833,24.2704353594,24.7479183822,25.2533742686,25.5619795531,25.5991700752,25.0535850001,304.849591417,299.088912652,329.827211134,276.522652555,253.952585493,218.203544098,220.9854898,216.109837318,224.735673658,245.560204486,227.271632499,288.950408417,3106.05772348,964713.0,,,,,8947024.0,20,3.6,22,13%,23587.0,35.9,60.3,3.8,1.05,1.04,1.03,1.06,1.03,1.06,1.04,-6.314993,143.95555
125,Paraguay,239,9,102,2020-03-08 22:00:00,32.65,L,**,,0.0,855.0,54.0,2020-03-11 00:00:00,PY,PRY,27.7429788886,27.0751972875,25.837485972,23.1034085178,20.4004647966,18.3418239876,18.5678873333,20.304514133,22.3033239333,24.6965493346,26.0863168075,27.3023028849,23.4801900351,126.599056056,112.880395003,109.019429757,111.336316579,86.5634015313,55.8137223855,42.3620456699,38.4943561343,59.2323949405,107.458619266,125.33522571,118.799633859,1093.89459594,560631.0,,,,,7132538.0,18,2.4,26,62%,40714.0,29.4,64.2,6.4,1.05,1.04,1.01,1.0,1.04,0.88,1.01,-23.442503,-58.44383199999999
126,Peru,31190,854,9179,2020-03-06 22:00:00,90.3,W,*,low,0.0,9165.0,223.0,2020-03-16 00:00:00,PE,PER,20.0880674716,20.0940889623,19.9916025909,19.7766941104,19.2144731719,18.3691473387,18.0504263538,18.7323362516,19.2924849526,19.7463430448,20.0803517232,20.0418719792,19.4565089518,169.538968812,173.356178037,176.572462705,142.636150726,112.332866707,85.0359029972,74.4805537539,69.5967376436,92.1848585064,133.859642108,128.713290927,154.934505218,1513.24211891,17758527.0,0.61,56.15,,,32971854.0,26,2.3,31,79%,228989.0,27.4,65.5,7.2,1.05,1.04,1.0,0.92,0.94,0.9,0.97,-9.189967,-75.015152
127,Philippines,7958,530,975,2020-01-23 12:00:00,115.96,W,,,0.0,5212.0,32.0,2020-03-10 00:00:00,PH,PHL,24.0642135709,24.3052920651,25.1316291507,26.1509214038,26.5460000412,26.0151909824,25.602426936,25.5213033696,25.558449456,25.4433932781,25.0654495964,24.5154944,25.3266741931,121.994531632,79.8968203952,75.1850750367,88.1029443202,177.696291806,253.885954782,289.245168793,293.557976797,269.399437637,273.108651665,234.913932372,160.605921038,2317.59269526,43080118.0,0.42,67.47,,,109581078.0,368,2.6,26,47%,356814.0,31.7,63.5,4.8,1.05,1.04,1.04,1.03,0.84,0.72,1.01,12.879721,121.77401699999999
128,Poland,12218,596,2655,2020-03-04 22:00:00,17.56,W,**,mod,1.0,2024.0,181.0,2020-03-16 00:00:00,PL,POL,-2.81785478018,-1.38151200092,2.64825724227,7.40779020117,12.980509208,15.9467361784,17.522282214,17.1815460595,13.3327177671,8.76547731209,3.42419140534,-0.584112277362,7.86883191521,32.8632882001,27.4665582342,31.0616626392,38.8090553285,60.88159512,76.3429139958,78.8346749288,71.2412761148,51.8946562923,43.7255275934,46.6492515284,40.8886439902,600.659095624,9277538.0,1.22,61.01,6.62,6.9,37846611.0,124,1.4,42,60%,565854.0,14.8,68.4,16.8,1.06,1.06,1.05,1.02,0.9,0.64,0.94,51.919438,19.145135999999997
129,Portugal,24322,948,1389,2020-03-02 22:00:00,29.81,R,*,low,1.0,166922.0,122.0,2020-03-05 00:00:00,PT,PRT,9.04593810524,9.82126903595,11.3325928619,12.9580381036,15.6996190655,19.0890238395,21.7212381367,21.8670475817,20.1150714793,16.4297380664,12.10909999,9.45578090357,14.9703808743,113.112737928,112.617810204,77.241047905,71.1790719714,54.2205237888,35.501500175,10.852992799,11.7033881288,41.1585953129,87.4146667664,106.656571343,113.687928336,835.346832275,17367956.0,1.26,71.88,3.39,4.2,10196709.0,111,1.3,46,66%,236408.0,13.6,64.9,21.5,1.07,1.09,1.13,1.03,0.88,0.69,0.96,39.399871999999995,-8.224454
130,Qatar,11921,10,1134,2020-02-29 22:00:00,11.21,,,,0.0,550.0,10.0,2020-03-10 00:00:00,QA,QAT,17.27199936,18.3143335967,21.7843335467,26.0943330133,31.11766688,33.8809992433,34.8476676967,34.5023333233,32.4253323867,29.1166667933,24.3413333867,19.3120002767,26.9173336033,11.7377669033,15.8090003333,15.5399999633,10.9456666333,0.776653333333,0.201110006667,0.356666683333,0.21555666,0.0,0.227779993333,3.62886667,5.78220017667,65.2212638867,29178923.0,2.21,73.3,,,2881053.0,248,1.9,32,96%,191849.0,13.9,84.8,1.3,1.02,1.03,2.64,4.91,3.38,1.71,3.41,25.354826,51.183884
131,Romania,11616,663,3404,2020-02-26 22:00:00,24.27,W,*,mod,0.0,7006.0,122.0,2020-03-11 00:00:00,RO,ROU,-3.73053421152,-1.37169714018,3.40330782911,9.38958126054,14.4052831019,17.5535178273,19.1878034896,18.8140536032,15.1827143003,9.73379640125,4.14127582134,-0.974017785268,8.81124552491,36.9228748083,35.1649463179,36.0763392442,51.9091159612,75.9271073001,92.8901966975,79.6825623513,64.7409196238,46.153731959,37.2193124125,42.9553659812,42.5658928494,642.208362579,4908235.0,1.06,55.06,,,19237691.0,84,1.6,43,55%,243698.0,15.3,66.9,17.9,1.06,1.06,1.05,1.02,0.88,0.68,0.95,45.943160999999996,24.96676
132,Russia,93558,867,8456,2020-01-31 19:00:00,27.61,W,**,,0.0,25339.0,604.0,2020-03-11 00:00:00,RU,RUS,-26.9967226331,-24.7248051071,-16.5749594811,-6.74082863514,2.90474966136,10.9644599297,14.7933322217,12.0059836933,5.55946803585,-5.33441780987,-17.6377723781,-24.0740114835,-6.32129447871,21.5890194812,16.620038149,17.754360648,23.9554190928,34.4583958682,51.6151715431,65.4181386287,62.7806040704,46.9920736151,37.2976957896,30.5265401843,25.7877571335,434.795213565,99327311.0,0.77,57.59,8.05,8.3,145934462.0,9,1.8,40,74%,1637892.0,17.6,68.2,14.2,1.06,1.06,1.05,0.96,0.75,0.45,0.86,61.52401,105.31875600000001
133,Rwanda,212,0,95,2020-03-14 22:00:00,91.82,,,,0.0,482.0,0.0,2020-03-16 00:00:00,RW,RWA,19.020299722,19.243300248,19.246899987,19.043200303,18.903599929,18.561100006,18.602899934,19.279400061,19.344099998,19.210200118,18.827899742,18.857499886,19.011899947,91.970800018,102.591098786,139.315998078,166.409000397,112.193000031,27.856700038,11.063269806,40.935499763,91.99150009,116.969400787,149.305001068,112.202298735,1162.80355835,1073528.0,,,,,12952218.0,525,4.1,20,18%,10209.0,40.1,56.9,3.0,1.03,1.02,1.0,1.0,0.88,0.7,1,-1.940278,29.873888
134,Saint Kitts and Nevis,15,0,4,2020-03-25 22:00:00,,,,,,,,,KN,KNA,,,,,,,,,,,,,,,,,,,,,,,,,,,,,,,,,,,,,,,,,1.02,1.01,0.94,1.05,1.0,0.83,1,17.357822,-62.782998
135,Saint Lucia,15,0,15,2020-03-14 22:00:00,32.22,,,,,,,2020-03-16 00:00:00,LC,LCA,,,,,,,,,,,,,,,,,,,,,,,,,,,,,,,,183627.0,301,1.4,34,19%,,18.9,71.4,9.7,1.06,1.06,1.03,0.93,0.86,0.83,0.95,13.909444,-60.97889300000001
136,Saint Vincent and the Grenadines,15,0,8,2020-03-14 22:00:00,,,,,,,,2020-03-16 00:00:00,VC,VCT,25.30699921,25.29700089,25.89699936,26.68300056,27.71999931,27.92300034,27.61000061,27.70000076,27.60700035,27.32299995,26.88299942,25.88699913,26.81999969,73.63300323,51.82300186,47.34700012,53.84000015,90.86699677,157.91000366,195.97000122,215.08000183,206.58999634,195.13999939,176.6000061,121.16999817,1585.97009277,,,,,,,,,,,,23.8,68.5,7.7,1.03,1.02,1.02,1.08,1.06,0.87,1.03,12.984305,-61.287228000000006
137,San Marino,553,41,64,2020-02-27 22:00:00,,,,,0.0,5.0,0.0,2020-02-24 00:00:00,SM,SMR,,,,,,,,,,,,,,,,,,,,,,,,,,,,,,,,33931.0,566,N.A.,N.A.,97%,1591.0,,,,1.1,1.14,1.06,0.89,0.99,0.81,0.94,43.94236,12.457777
138,Saudi Arabia,20077,152,2784,2020-03-02 22:00:00,49.64,,,,0.0,14500.0,128.0,2020-03-09 00:00:00,SA,SAU,15.3481372741,17.1432295471,20.5995570416,24.5280950697,28.8890424052,31.592469246,32.0372221707,32.0825920831,30.2097909268,25.8539034691,20.8282017429,16.6996450396,24.6510073372,6.18950918003,5.90946213061,11.7654415875,16.3214807794,8.46987798782,1.71797281096,3.76778651833,3.34091720301,0.935681855819,2.13493691363,6.95701341082,5.893370393,73.4034506019,39141660.0,4.85,59.11,,,34813871.0,16,2.3,32,84%,779289.0,25.2,71.5,3.3,1.05,1.05,1.15,1.31,1.21,1.05,1.19,23.885942,45.079162
139,Senegal,823,9,296,2020-03-02 22:00:00,95.11,,,,0.0,325.0,0.0,2020-03-16 00:00:00,SN,SEN,24.3222058521,26.5274999843,28.4747941918,30.0352794146,31.0838971697,30.1072941941,28.473852971,27.6655588716,27.7010294124,28.604500014,27.1645588882,24.3178087962,27.8732058303,0.309998968382,0.491178680147,0.0638724995588,0.284656073382,11.065204569,68.7576366519,155.46280816,224.183089087,178.622338912,58.9045881385,2.7777958725,0.177646912059,701.100816165,21038.0,,,,,16743927.0,87,4.7,19,49%,23940.0,42.9,54.1,3.0,1.03,1.01,0.99,0.85,0.76,0.82,0.94,14.497401000000002,-14.452361999999999
140,Serbia,6630,125,870,2020-03-06 22:00:00,8.21,R,**,low,0.0,695.0,83.0,2020-03-16 00:00:00,RS,SRB,-1.52462086935,0.631609163871,4.9123644671,10.3067710784,15.1560000445,18.4084516026,20.291483849,20.1297096742,16.4653225868,10.9587870574,5.39666775,1.01495074516,10.1789935639,50.1285164735,46.5234520813,49.4860965361,59.7937746358,78.0552913294,88.6522578577,67.4523867948,57.2860321535,56.1268708019,47.8982259694,63.2894512297,61.7712903177,726.463658487,2262703.0,0.74,51.27,,,8737371.0,100,1.5,42,56%,51523.0,16.5,66.2,17.4,1.07,1.06,1.06,1.02,0.93,0.7,0.95,44.016521000000004,21.005859
141,Seychelles,11,0,6,2020-03-14 22:00:00,69.41,,,,0.0,33.0,0.0,2020-03-16 00:00:00,SC,SYC,,,,,,,,,,,,,,,,,,,,,,,,,,,455201.0,,,,,98347.0,214,2.5,34,56%,1644.0,22.2,69.2,8.6,1.03,1.05,1.1,1.12,1.06,0.64,1.06,-4.679574,55.491977
142,Singapore,14951,14,1128,2020-01-23 12:00:00,70.09,,,,1.0,1217.0,21.0,,SG,SGP,,,,,,,,,,,,,,,,,,,,,,,,,,,40401515.0,0.7,70.84,,,5850342.0,"8,358",1.2,42,N.A.,362818.0,15.0,72.1,12.9,1.07,1.05,0.97,0.95,1.0,0.83,0.96,1.352083,103.819836
143,Slovakia,1384,20,423,2020-03-06 22:00:00,21.91,S,,low,0.0,955.0,56.0,2020-03-10 00:00:00,SK,SVK,-4.166788505,-1.72447951231,2.39564885385,7.60151922654,12.4258307315,15.3329229723,16.94861544,16.6743461912,13.1729730458,8.31923083154,2.44730232192,-2.19447676462,7.26939613115,43.198346065,42.2720768265,42.4517693158,53.5108848,81.3445386142,101.132038996,93.2835768185,86.9221922065,58.0176536858,49.8916539412,61.6009613915,53.8906153169,767.516310472,,1.66,60.02,5.82,9.2,5459642.0,114,1.5,41,54%,106552.0,15.4,69.6,15.1,1.07,1.05,1.06,1.02,0.9,0.62,0.94,48.669026,19.699023999999998
144,Slovenia,1408,86,223,2020-03-05 22:00:00,15.28,L,*,,1.0,990.0,19.0,2020-03-16 00:00:00,SI,SVN,-2.08926668444,-0.129626973333,3.37592217667,7.57885562111,12.1634110344,15.3989666856,17.3782222544,16.9423332222,13.86547756,9.20893340556,3.58075218333,-0.791111103333,8.04021112,78.3298899333,75.7731102833,94.9385554,111.717777252,118.562221102,143.930334302,128.589666578,135.3747779,124.876667446,118.379333498,137.454444884,93.8799989478,1361.8067627,1094762.0,1.4,64.58,4.5,6.4,2078938.0,103,1.6,45,55%,54154.0,15.0,66.0,19.1,1.07,1.06,1.05,1.02,0.97,0.68,0.95,46.151241,14.995463
145,Somalia,528,28,19,2020-03-16 22:00:00,156.01,,,,0.0,2.0,0.0,2020-03-18 00:00:00,SO,SOM,25.0298018903,25.8474575346,27.15640095,27.9951084338,28.0874433791,27.8693490029,27.1125141447,27.1315282333,27.677150915,26.6719953426,25.6239716334,24.9998349515,26.7668442457,2.36999551099,3.32542151552,10.1549965764,58.460489122,53.9167123438,15.8632674974,12.8039737786,9.970368445,12.1165770057,46.0055772592,32.9885933123,7.37656812821,265.352539755,4486.0,,,,,15893222.0,25,6.1,17,47%,4958.0,46.4,50.8,2.7,1.03,1.0,1.02,1.07,0.96,0.64,1.01,5.152149,46.199616
146,South Africa,4996,93,2073,2020-03-05 22:00:00,86.33,,,,0.0,12640.0,93.0,2020-03-18 00:00:00,ZA,ZAF,23.1942466609,22.6557044412,21.1024955687,17.7418577598,14.2415806643,11.162377116,11.0710146684,12.9743511125,16.0293673389,18.3101310985,20.48035109,22.1990177662,17.5968733425,67.2479671049,65.6610631816,60.4196668816,40.0771272784,18.4318977998,15.4249601656,12.7770769392,17.7080741328,22.2213127491,42.5680238066,55.077711829,57.1612720439,474.776152751,23921748.0,2.11,64.14,,,59308690.0,49,2.4,28,67%,358839.0,29.0,65.7,5.3,1.02,1.01,0.98,1.02,0.87,0.73,0.98,-30.559482,22.937506
147,Spain,232128,23822,123903,2020-01-31 19:00:00,10.21,W,*,,1.0,1538.0,300.0,2020-03-11 00:00:00,ES,ESP,5.5943852608,6.76380362164,8.59819955094,10.6533849943,14.2670469218,18.4938074885,22.0261126372,21.8295586992,19.0095821121,14.0313675954,8.96506573653,6.07338810183,13.0254760682,64.2630514672,62.0300656263,52.145267423600004,60.2804600081,55.6322957877,40.7472614594,19.8819014289,23.5337549202,41.6663333148,62.2708873663,73.4872439209,67.0485398737,622.987063842,80672105.0,1.7,78.88,2.97,9.7,46754778.0,94,1.3,45,80%,1397870.0,14.7,65.9,19.4,1.07,1.06,1.07,1.04,0.95,0.74,0.98,40.463667,-3.7492199999999998
148,Sri Lanka,619,7,134,2020-01-27 20:30:00,24.0,W,*,low,0.0,642.0,48.0,2020-03-13 00:00:00,LK,LKA,25.1333180336,25.8644547891,27.0280453077,27.7861364536,28.072318165,27.6976361695,27.3999999655,27.2360908327,27.1337273332,26.60527264,25.8246365455,25.2818637327,26.7552273486,101.775272889,65.4835451295,80.9635011486,152.653409611,130.047727758,77.4832731268,74.95290947,91.6230454877,129.329590191,250.846362721,292.246815768,252.001817876,1699.40728205,5882376.0,0.21,72.53,,,21413249.0,341,2.2,34,18%,86566.0,24.0,65.9,10.1,1.04,1.04,1.03,0.96,0.86,0.74,0.96,7.873054,80.77179699999999
149,Sudan,318,25,31,2020-03-13 22:00:00,60.13,,,,0.0,145.0,5.0,2020-03-16 00:00:00,SD,SDN,20.4274626583,22.1764657955,25.648265505,28.7818870996,30.9791605939,31.2597773872,29.8415866118,29.3514387861,29.3607710487,28.3492845587,24.4433068091,21.2726343337,26.824333834,0.414769724579,0.581340365342,1.3191902056,3.63509271501,12.5611625878,28.4529905334,60.1884494458,75.1180321499,36.9197746729,12.7903535818,1.35500587644,0.700217542258,234.036378989,269958.5,,,,,43849260.0,25,4.4,20,35%,30873.0,40.8,55.6,3.5,1.05,1.03,1.06,0.94,1.1,1.19,1.02,12.862807,30.217636
150,Suriname,10,1,7,2020-03-14 22:00:00,36.69,N,*,low,0.0,110.0,2.0,,SR,SUR,25.0442653573,24.9927959435,25.3476734945,25.6385511276,25.7498776967,25.5775510047,25.6043265596,26.0217348606,26.4960203749,26.6876938484,26.4468367829,25.5859185047,25.7660816355,208.774899229,162.044897897,201.059184482,257.718162069,358.644284307,317.939389599,252.50530601,169.490407671,76.3125104324,63.1993268078,86.9833878506,162.1385101,2316.81026537,272347.0,,,,,586632.0,4,2.4,29,65%,3774.0,26.4,66.6,6.9,1.05,1.04,1.04,1.04,0.96,0.76,1.01,3.9193050000000005,-56.02778299999999
151,Sweden,19621,2355,1005,2020-01-31 19:00:00,15.57,W,***,mod,1.0,10985.0,29.0,2020-03-18 00:00:00,SE,SWE,-10.0683399463,-9.00587485113,-4.9781834489,0.190548718576,6.45449381534,11.7402931996,13.5051126037,12.1204307549,7.64231457285,2.79023941799,-3.8086104877,-8.0261795543,1.54635056165,44.7511131691,32.998203889,35.7650937509,33.4420096323,40.3360162446,53.8006472789,78.0753625295,72.4399904787,66.867061405,57.2026247314,56.1195729202,49.3526376951,621.150333343,,1.62,69.23,2.22,5.8,10099265.0,25,1.9,41,88%,528929.0,17.5,62.5,19.9,1.06,1.06,1.06,1.03,1.01,0.85,1,60.128161,18.643501
152,Switzerland,29264,1699,22600,2020-02-25 22:00:00,10.19,W,*,low,0.0,11221.0,18.0,2020-03-12 00:00:00,CH,CHE,-3.23703894889,-2.32369944611,0.0901833233333,3.34777612833,7.44094996167,10.7799999183,13.0348110472,12.5449110661,10.1363111717,6.08074443833,1.05278499778,-1.95907943333,4.74905739722,119.890889909,109.511834886,120.319444868,140.740945603,153.686111027,169.220389048,161.645000034,176.281111823,128.827443866,111.852611542,128.515778434,125.920945061,1646.41245524,28857994.0,1.97,72.44,4.53,11.0,8654622.0,219,1.5,43,74%,715360.0,14.9,66.7,18.4,1.06,1.06,1.04,1.01,1.0,0.78,0.97,46.818188,8.227511999999999
153,Syria,43,3,21,2020-03-22 22:00:00,23.17,,,,1.0,452.0,152.0,,SY,SYR,6.12210273699,7.95342466575,11.4615355978,16.3662465363,21.4857397471,25.9868630966,28.7316986767,28.4393150908,25.1986439073,19.6022876581,12.7359260147,7.66551916521,17.6457807466,53.8507534058,45.7845892575,44.2965753505,33.7501779322,14.0105123096,1.82982383479,0.348629640822,0.307990959726,1.14653438466,17.9104575851,31.6184793627,51.5172329478,296.371756984,,0.15,,,,17500658.0,95,2.8,26,60%,60043.0,36.6,59.1,4.3,1.06,1.05,1.03,0.99,0.98,0.82,1.01,34.802075,38.996815000000005
154,Taiwan,429,6,307,2020-01-23 12:00:00,,,,,1.0,5474.0,48.0,,TW,TWN,,,,,,,,,,,,,,,,,,,,,,,,,,,,0.7,86.71,,,23816775.0,673,1.2,42,79%,586104.0,13.12,73.02,13.86,1.07,1.06,1.05,1.0,0.96,0.86,0.99,23.69781,120.96051499999999
155,Tanzania,299,10,48,2020-03-16 22:00:00,99.87,,,,0.0,770.0,1.0,,TZ,TZA,23.0455443336,23.2143541053,23.1827606203,22.6434164079,21.7343836301,20.3441048703,20.0976130938,20.9891934158,22.2988261803,23.4141934819,23.5278819785,23.1772819394,22.3058098214,149.483105481,141.4667312,179.40849832,176.861065299,64.4598943617,14.0046874007,8.18872275849,8.06613559075,15.8735260558,33.1615346943,100.861770742,160.547901754,1052.38357354,1481557.0,,,,,59734218.0,67,4.9,18,37%,62224.0,44.9,52.0,3.1,1.03,1.02,1.0,1.01,0.78,0.75,0.99,-6.369028,34.888822
156,Thailand,2938,54,2652,2020-01-22 12:00:00,69.87,R,*,low,0.0,31902.0,249.0,2020-03-18 00:00:00,TH,THA,23.0994588067,25.211811761,27.3837118146,28.8940117885,28.3200235365,27.5807882085,27.1906352544,26.9307353525,26.7290647283,26.2049352761,24.6027764601,22.8512000026,26.2498882068,13.6989229692,16.434531156,35.3324017043,82.3255527949,197.430941324,199.09721756,205.223982463,246.991234364,258.597645928,168.28654121,78.7995976286,30.2579750786,1532.47654527,76053043.0,0.54,77.95,,,69799978.0,137,1.5,40,51%,529177.0,17.3,71.3,11.4,1.05,1.05,1.04,0.98,0.89,0.78,0.97,15.870032,100.992541
157,Timor-Leste,24,0,6,2020-03-22 22:00:00,71.87,L,,low,0.0,7.0,0.0,2020-03-23 00:00:00,TL,TLS,25.4646670033,25.46733316,25.3556667967,25.1794999433,24.8124999983,24.0788332617,23.8123331083,24.0589997,24.6575002667,25.33716647,25.7594998683,25.6089998867,24.96599992,201.626665752,185.151664735,171.865002948,80.856667835,100.778333027,63.103500685,31.7038838067,14.7670501067,17.92666666,44.7093327833,107.283332825,220.00166321,1239.77376302,,,,,,1318445.0,89,4.1,21,33%,2938.0,43.6,52.8,3.6,1.07,1.06,1.03,0.93,1.04,0.91,1.01,-8.874217,125.727539
158,Togo,99,6,63,2020-03-06 22:00:00,155.35,,,,,,,2020-03-20 00:00:00,TG,TGO,26.6852219883,28.5545553622,29.3108334006,28.8072778922,27.6044445039,26.0072221756,25.0065001394,24.8346111506,25.3553333283,26.34105534,26.8370556294,26.2441112728,26.7991113672,5.42867937333,18.5549999672,63.3394441611,99.8222221806,134.099445342,169.054445054,186.473332723,183.217056063,194.863333808,105.008888245,20.4308391811,8.82148329444,1189.11415609,566295.0,,,,,8278724.0,152,4.4,19,43%,5502.0,41.6,55.6,2.8,1.03,1.01,1.0,0.99,0.89,0.76,0.98,8.619543,0.824782
159,Trinidad and Tobago,116,8,59,2020-03-14 22:00:00,25.74,W,*,low,0.0,211.0,5.0,2020-03-14 00:00:00,TT,TTO,24.71700001,24.852000235,25.375,26.11800003,26.60000038,26.15149975,26.05799961,26.313500405,26.517999645,26.408499715,26.018499375,25.22000027,25.862500195,74.18149948,44.954999925,40.567001345,60.543498995,124.235004425,224.150001525,256.200004575,229.915000915,189.814994815,214.99000549,206.47000122,165.38499451,1831.40698243,2525130.0,,,,,1399488.0,273,1.7,36,52%,22607.0,20.7,69.3,10.0,1.03,1.04,1.09,1.09,0.99,0.77,1.03,10.691803,-61.222503
160,Tunisia,975,40,279,2020-03-04 22:00:00,32.53,,,,0.0,1200.0,24.0,2020-03-16 00:00:00,TN,TUN,10.435298234,11.8642280567,14.2066894998,17.3858947586,21.6778771244,25.976912214,28.7540175454,28.6882983098,25.670333193,20.6862280996,15.4590525877,11.556456114,19.363456174,30.0968719704,30.4206966942,31.4131052126,22.3879298491,14.0989823879,7.5805519207,2.33326666912,6.55396720526,21.7492001016,34.6341752,30.31840869,35.5003561718,267.087509825,4274199.0,0.92,57.18,,,11818619.0,76,2.2,33,70%,38732.0,24.0,68.0,8.0,1.07,1.06,1.01,0.94,1.03,0.97,0.99,33.886917,9.537499
161,Turkey,114653,2992,38809,2020-03-11 22:00:00,14.43,R,**,mod,0.0,12316.0,656.0,2020-03-16 00:00:00,TR,TUR,-0.52404853805,0.980844721827,4.7712896335,10.0163501557,14.4744402217,18.5353219559,21.8271857549,21.6532136218,18.1140092726,12.563368099,6.84670309848,1.94442605087,10.9336064842,72.006476612,61.0887368203,60.5560246992,62.0885478985,56.4549009661,33.8436120343,14.5823775582,12.0003145138,17.4615047268,44.1002910423,58.6667895066,80.433554091,573.283130847,116000000.0,0.64,69.8,2.81,47.0,84339067.0,110,2.1,32,76%,743708.0,25.0,66.9,8.2,1.05,1.05,1.04,1.03,0.99,0.8,1.01,38.963745,35.243322
162,United States,1012582,58355,115936,2020-01-22 12:00:00,14.91,W,**,mod,1.0,113690.0,3433.0,2020-02-28 00:00:00,US,USA,-6.31004765557,-4.29130586823,0.0643076376365,5.87072222318,12.0880164033,17.1170750613,19.9390147357,18.8477850572,14.4097596672,7.69875606331,0.380687626019,-4.75929216993,6.75462706769,44.6023219437,41.9686617038,51.3995402976,49.1100912649,60.093692598,64.4900619547,65.7778047911,65.1518806573,61.4655770088,49.4050847484,50.6415106134,50.4304436204,654.536672556,889000000.0,3.79,69.27,,34.7,331002651.0,36,1.8,38,83%,21439453.0,18.9,65.7,15.4,1.05,1.04,1.05,1.0,0.93,0.79,0.97,37.09024,-95.712891
163,Uganda,79,0,52,2020-03-21 22:00:00,97.38,,,,0.0,263.0,0.0,2020-03-20 00:00:00,UG,UGA,23.1832681979,23.6620366396,23.6770120945,23.0483414488,22.5273902479,21.9786586535,21.5593658418,21.7706828232,22.1112318857,22.4817682361,22.5370732051,22.6129879018,22.5958415474,37.3273806222,54.0353293302,101.199317653,151.867719232,141.420476308,85.8693907434,91.7620489078,117.068927067,122.473073401,128.354268749,118.107487469,58.4100122685,1207.89543412,21537.0,,,,,45741007.0,229,5,17,26%,30666.0,47.7,50.1,2.2,1.03,1.0,0.98,1.0,0.93,0.79,0.99,1.373333,32.290275
164,Ukraine,9410,239,992,2020-03-03 22:00:00,9.02,R,**,mod,0.0,494.0,213.0,2020-03-06 00:00:00,UA,UKR,-5.15056207432,-3.68745464676,1.1811387523,9.08510605054,15.0903976252,18.4214898574,19.9501621753,19.3443850893,14.7761070727,8.62560537713,2.80732962236,-1.97680513882,8.20556556473,40.0886621411,34.9211689073,32.6540978468,40.6667769795,51.359209447,70.0588042284,71.845753296,53.9415303371,43.4988310531,32.8948918548,42.5577162664,47.3013582745,561.788800317,7854842.0,0.41,52.33,,,43733762.0,75,1.4,41,69%,150401.0,15.5,68.0,16.5,1.06,1.06,1.05,0.96,0.75,0.5,0.86,48.379433,31.16558
165,United Arab Emirates,11380,89,2181,2020-01-29 21:00:00,25.54,,,,0.0,125.0,6.0,2020-03-08 00:00:00,AE,ARE,18.42752183,19.4280435309,22.6129130487,26.5784348187,30.6236522517,32.4570868122,33.7961304717,33.5508694857,31.7431302265,28.3432175178,24.0617825887,20.28373909,26.8256088765,5.95538693,22.17799987,16.5876085035,8.96146956696,1.08057391174,1.09406129957,2.28405914391,1.40550435913,0.495943041739,0.428552171304,1.74057606609,5.60029130913,67.8120254848,95533069.0,2.55,67.04,,,9890402.0,118,1.4,33,86%,405771.0,13.9,85.0,1.1,1.05,1.05,1.47,3.2,2.93,1.69,2.18,23.424076,53.847818000000004
166,United Kingdom,162350,21745,813,2020-03-11 22:00:00,23.01,R,*,,1.0,28456.0,474.0,,GB,GBR,2.99338232759,2.96869754932,4.65566542925,6.74237971008,9.81543909195,12.7658849947,14.4353985535,14.2868120077,12.2138879674,9.47201049045,5.52406241519,3.84917216872,8.3102391391,121.12348089,83.9128874011,99.317308211,68.6669622725,73.5327894457,73.7602930566,74.3797821674,92.8523232026,106.159917215,119.122472949,119.195992864,122.275541177,1154.29974182,165000000.0,1.46,74.46,2.54,6.6,67886011.0,281,1.8,40,83%,2743586.0,17.7,63.8,18.5,1.05,1.05,1.04,1.04,0.98,0.81,0.99,55.378051,-3.435973
167,Uruguay,625,15,394,2020-03-14 22:00:00,26.73,W,*,low,1.0,550.0,33.0,2020-03-14 00:00:00,UY,URY,23.903685706,23.3673714771,21.257157081,17.8789284843,14.843985694,11.7740142553,11.7949571606,12.781728527,14.330185754,16.9522428787,19.621814292,22.3043142864,17.5674857003,114.144642748,128.021443285,115.292814528,97.9290136069,96.730900137,89.8160288126,105.215214375,95.7796856469,103.343771689,107.953785925,103.385885947,92.864071219,1250.47726702,,0.6,66.28,,,3473730.0,20,2,36,96%,59918.0,21.1,64.3,14.7,1.04,1.04,1.03,0.98,0.89,0.66,0.94,-32.522779,-55.765834999999996
168,Uzbekistan,1939,8,992,2020-03-15 22:00:00,24.69,,,,,,,2020-03-16 00:00:00,UZ,UZB,-3.03486316255,-1.55408146135,5.37705429495,14.0953958304,20.4204286514,25.343411396,27.7098906238,25.3053176555,19.5471645987,11.6274802499,5.36130402323,0.0340944809375,12.5193833147,21.3778540912,20.2250343439,33.7212083731,32.7065209598,19.2642448346,5.47988007969,3.29687397427,1.45348848469,2.38248136229,12.4677567726,17.1151666145,22.3311145948,191.821623206,3056558.0,0.35,,,,33469203.0,79,2.4,28,50%,60490.0,28.0,67.5,4.5,1.06,1.05,1.03,0.99,0.9,0.74,0.99,41.377491,64.585262
169,Venezuela,329,10,142,2020-03-14 22:00:00,24.12,W,*,mod,0.0,2187.0,135.0,2020-03-16 00:00:00,VE,VEN,25.027054289,25.5618304981,26.1274813117,26.1395627753,25.6121186433,24.7979695239,24.6150372587,24.8982508223,25.2372067275,25.4338406123,25.3943118854,24.9764034048,25.318454248,50.6288786221,46.0018940541,58.3661743844,131.538179579,229.128057616,296.5036264,292.727268381,267.290169344,202.185586057,170.716179593,132.089681528,80.4782909088,1957.65398653,,0.03,39.66,,,28435940.0,32,2.3,30,N.A.,70140.0,27.6,65.8,6.6,1.05,1.05,1.03,0.98,0.92,0.79,0.99,6.42375,-66.58973
170,Vietnam,270,0,222,2020-01-23 12:00:00,23.39,,,,0.0,11186.0,58.0,2020-02-28 00:00:00,VN,VNM,19.4581053055,20.5965000209,22.0632017537,25.2457192739,26.8337016693,27.0920263591,27.1702017368,26.8834824311,26.0624911991,24.6128509254,22.4232104953,20.3939386082,24.0696491274,37.3313508872,25.8408377364,39.9397192589,73.4772281139,167.895702228,228.475201724,250.254272461,264.184361106,266.36596586,236.874148787,170.760017663,73.7619907311,1835.16079337,47049671.0,0.44,57.7,,,97338579.0,314,2.1,32,38%,261637.0,23.1,69.8,7.2,1.11,1.11,1.08,1.01,0.85,0.63,1,14.058323999999999,108.277199
171,Zambia,95,3,42,2020-03-18 22:00:00,90.0,,,,0.0,726.0,0.0,2020-03-20 00:00:00,ZM,ZMB,22.8878560026,22.9365120165,22.9016320111,21.9110920027,19.5801520004,17.3620520095,17.067240055,19.4718119888,22.9175120161,24.6690400008,24.1923199846,23.1123000335,21.5841319655,224.0878396,198.085599854,154.738148193,50.784104027,4.6773477456,0.3681861592,0.0520401602,0.23113351908,3.63092831244,32.0336399049,111.564148239,224.500079895,1004.7531958,8904.0,,,,,18383955.0,25,4.7,18,45%,23946.0,44.8,52.7,2.5,1.03,1.01,1.0,1.02,0.88,0.76,1,-13.133897,27.849332
172,Zimbabwe,32,4,5,2020-03-20 22:00:00,100.65,,,,0.0,1318.0,0.0,2020-03-24 00:00:00,ZW,ZWE,23.8997867385,23.4913087736,22.9160294672,21.1472867661,18.398705854,15.7946176882,15.6421470505,17.902919082,21.3659486073,23.7352499398,24.2326470687,23.8500440676,21.0313897136,152.183809589,136.242720856,76.3359708506,32.5080735823,8.06566840779,3.66623239868,1.98005066632,2.40935170176,6.96629184515,27.3941228284,75.9778305785,145.244647755,668.974772958,282539.0,,,,,14862924.0,38,3.6,19,38%,12818.0,41.2,56.0,2.8,1.03,1.02,1.02,1.1,0.58,0.64,1.01,-19.015438,29.154857
